Dato/klokkeslett;NO1;NO2;NO3;NO4;NO5
2024-03-01 Kl. 00-01;0.75193;0.75193;0.28724;0.22979;0.75193
2024-03-01 Kl. 01-02;0.74014;0.74014;0.26755;0.21404;0.74014
2024-03-01 Kl. 02-03;0.74646;0.74646;0.28680;0.22944;0.74646
2024-03-01 Kl. 03-04;0.74589;0.74589;0.28896;0.23117;0.74589
2024-03-01 Kl. 04-05;0.74761;0.74761;0.29126;0.23301;0.74761
2024-03-01 Kl. 05-06;0.75465;0.75465;0.29801;0.23841;0.75465
2024-03-01 Kl. 06-07;0.78253;0.78253;0.40463;0.26439;0.78253
2024-03-01 Kl. 07-08;0.82118;0.82118;0.51154;0.29853;0.82118
2024-03-01 Kl. 08-09;0.83626;0.83626;0.60048;0.32175;0.83626
2024-03-01 Kl. 09-10;0.83641;0.83641;0.61988;0.34508;0.83641
2024-03-01 Kl. 10-11;0.83626;0.83626;0.63036;0.34232;0.83626
2024-03-01 Kl. 11-12;0.80896;0.80896;0.61556;0.34485;0.80896
2024-03-01 Kl. 12-13;0.78066;0.78066;0.60924;0.35612;0.78066
2024-03-01 Kl. 13-14;0.81328;0.81328;0.56771;0.35600;0.81328
2024-03-01 Kl. 14-15;0.88153;0.88153;0.52504;0.34083;0.88153
2024-03-01 Kl. 15-16;0.90668;0.90668;0.48825;0.32186;0.90668
2024-03-01 Kl. 16-17;0.88986;0.88986;0.46785;0.29876;0.88986
2024-03-01 Kl. 17-18;0.90683;0.90683;0.41009;0.30703;0.90683
2024-03-01 Kl. 18-19;0.89619;0.89619;0.42331;0.33865;0.89619
2024-03-01 Kl. 19-20;0.88785;0.88785;0.41814;0.33451;0.88785
2024-03-01 Kl. 20-21;0.86285;0.86285;0.38193;0.30554;0.86285
2024-03-01 Kl. 21-22;0.84360;0.84360;0.37920;0.30336;0.84360
2024-03-01 Kl. 22-23;0.80983;0.80983;0.38480;0.30784;0.80983
2024-03-01 Kl. 23-00;0.80666;0.80666;0.37288;0.29830;0.80666
2024-03-02 Kl. 00-01;0.81976;0.81976;0.44546;0.35637;0.81976
2024-03-02 Kl. 01-02;0.78546;0.78546;0.47305;0.37844;0.78546
2024-03-02 Kl. 02-03;0.77660;0.77660;0.49563;0.39650;0.77660
2024-03-02 Kl. 03-04;0.77003;0.77003;0.50635;0.40508;0.77003
2024-03-02 Kl. 04-05;0.76274;0.76274;0.53865;0.42234;0.76274
2024-03-02 Kl. 05-06;0.77531;0.77531;0.57466;0.42040;0.77531
2024-03-02 Kl. 06-07;0.78560;0.78560;0.52093;0.41674;0.78560
2024-03-02 Kl. 07-08;0.81604;0.81604;0.54150;0.42509;0.81604
2024-03-02 Kl. 08-09;0.82919;0.82919;0.57066;0.43309;0.82919
2024-03-02 Kl. 09-10;0.83848;0.83848;0.60153;0.44612;0.83848
2024-03-02 Kl. 10-11;0.83376;0.83376;0.59210;0.46430;0.83376
2024-03-02 Kl. 11-12;0.81248;0.81248;0.61596;0.45150;0.81248
2024-03-02 Kl. 12-13;0.78346;0.78346;0.62483;0.49986;0.78346
2024-03-02 Kl. 13-14;0.78331;0.78331;0.68499;0.54673;0.78331
2024-03-02 Kl. 14-15;0.81075;0.81075;0.70529;0.50820;0.81075
2024-03-02 Kl. 15-16;0.83720;0.83720;0.72373;0.49952;0.83720
2024-03-02 Kl. 16-17;0.84591;0.84591;0.74559;0.49929;0.84591
2024-03-02 Kl. 17-18;0.90136;0.90136;0.71100;0.51667;0.90136
2024-03-02 Kl. 18-19;0.91365;0.91365;0.70629;0.43892;0.91365
2024-03-02 Kl. 19-20;0.86349;0.86349;0.69956;0.43892;0.86349
2024-03-02 Kl. 20-21;0.83676;0.83676;0.70000;0.44658;0.83676
2024-03-02 Kl. 21-22;0.83234;0.83234;0.68699;0.44235;0.83234
2024-03-02 Kl. 22-23;0.81948;0.81948;0.64840;0.43892;0.81948
2024-03-02 Kl. 23-00;0.78589;0.78589;0.64098;0.43435;0.78589
2024-03-03 Kl. 00-01;0.77681;0.77681;0.73505;0.46900;0.77681
2024-03-03 Kl. 01-02;0.76441;0.76441;0.74075;0.46729;0.76441
2024-03-03 Kl. 02-03;0.76684;0.76684;0.74845;0.46774;0.76684
2024-03-03 Kl. 03-04;0.76940;0.76940;0.76243;0.46501;0.76940
2024-03-03 Kl. 04-05;0.76555;0.76555;0.76555;0.46501;0.76555
2024-03-03 Kl. 05-06;0.77269;0.77269;0.77269;0.45645;0.77269
2024-03-03 Kl. 06-07;0.77910;0.77910;0.77910;0.46273;0.77910
2024-03-03 Kl. 07-08;0.79121;0.79121;0.79121;0.63297;0.79121
2024-03-03 Kl. 08-09;0.78066;0.78066;0.78066;0.62453;0.78066
2024-03-03 Kl. 09-10;0.76955;0.76955;0.76955;0.61564;0.76955
2024-03-03 Kl. 10-11;0.76199;0.76199;0.74133;0.59306;0.76199
2024-03-03 Kl. 11-12;0.72750;0.72750;0.70498;0.56398;0.72750
2024-03-03 Kl. 12-13;0.69743;0.69743;0.67719;0.54175;0.69743
2024-03-03 Kl. 13-14;0.66835;0.66835;0.60591;0.48473;0.66835
2024-03-03 Kl. 14-15;0.71638;0.71638;0.66764;0.50013;0.71638
2024-03-03 Kl. 15-16;0.77454;0.77454;0.75016;0.50001;0.77454
2024-03-03 Kl. 16-17;0.83169;0.83169;0.73776;0.44847;0.83169
2024-03-03 Kl. 17-18;0.89655;0.89655;0.73249;0.44938;0.89655
2024-03-03 Kl. 18-19;0.90310;0.90310;0.73064;0.45007;0.90310
2024-03-03 Kl. 19-20;0.87146;0.87146;0.72906;0.45007;0.87146
2024-03-03 Kl. 20-21;0.85221;0.85221;0.72436;0.44824;0.85221
2024-03-03 Kl. 21-22;0.83896;0.83896;0.71838;0.48690;0.83896
2024-03-03 Kl. 22-23;0.83126;0.83126;0.70213;0.46489;0.83126
2024-03-03 Kl. 23-00;0.82570;0.82570;0.67419;0.45007;0.82570
2024-03-04 Kl. 00-01;0.83369;0.83369;0.63428;0.45463;0.83369
2024-03-04 Kl. 01-02;0.83825;0.83825;0.63456;0.45007;0.83825
2024-03-04 Kl. 02-03;0.83668;0.83668;0.63258;0.44756;0.83668
2024-03-04 Kl. 03-04;0.83810;0.83810;0.63258;0.44448;0.83810
2024-03-04 Kl. 04-05;0.84081;0.84081;0.63741;0.42293;0.84081
2024-03-04 Kl. 05-06;0.85350;0.85350;0.64126;0.41278;0.85350
2024-03-04 Kl. 06-07;0.86833;0.86833;0.67619;0.43388;0.86833
2024-03-04 Kl. 07-08;1.33384;1.33384;0.73306;0.44277;0.92476
2024-03-04 Kl. 08-09;1.42221;1.42221;0.77568;0.43513;0.93246
2024-03-04 Kl. 09-10;1.17164;1.17164;0.76913;0.44003;0.93019
2024-03-04 Kl. 10-11;0.90824;0.90824;0.75188;0.45224;0.90824
2024-03-04 Kl. 11-12;0.85408;0.85408;0.74019;0.45372;0.85408
2024-03-04 Kl. 12-13;0.84453;0.84453;0.73164;0.45281;0.84453
2024-03-04 Kl. 13-14;0.84395;0.84395;0.72964;0.45748;0.84395
2024-03-04 Kl. 14-15;0.84951;0.84951;0.72521;0.47744;0.84951
2024-03-04 Kl. 15-16;0.85336;0.85336;0.72123;0.49944;0.85336
2024-03-04 Kl. 16-17;0.86120;0.86120;0.72265;0.50013;0.86120
2024-03-04 Kl. 17-18;1.03095;1.03095;0.72236;0.53148;0.93161
2024-03-04 Kl. 18-19;1.03095;1.03095;0.72579;0.55862;0.92563
2024-03-04 Kl. 19-20;0.89484;0.89484;0.72536;0.46318;0.89484
2024-03-04 Kl. 20-21;0.86790;0.86790;0.71995;0.46455;0.86790
2024-03-04 Kl. 21-22;0.84438;0.84438;0.71866;0.46102;0.84438
2024-03-04 Kl. 22-23;0.83013;0.83013;0.71595;0.57276;0.83013
2024-03-04 Kl. 23-00;0.82485;0.82485;0.67719;0.50013;0.82485
2024-03-05 Kl. 00-01;0.80380;0.80380;0.69383;0.53539;0.80380
2024-03-05 Kl. 01-02;0.80766;0.80766;0.68396;0.52692;0.80766
2024-03-05 Kl. 02-03;0.80738;0.80738;0.67353;0.52246;0.80738
2024-03-05 Kl. 03-04;0.80594;0.80594;0.68568;0.53447;0.80594
2024-03-05 Kl. 04-05;0.80751;0.80751;0.69798;0.54591;0.80751
2024-03-05 Kl. 05-06;0.82068;0.82068;0.73059;0.58447;0.82068
2024-03-05 Kl. 06-07;0.83483;0.83483;0.80036;0.64029;0.83483
2024-03-05 Kl. 07-08;0.86229;0.86229;0.83183;0.66546;0.86229
2024-03-05 Kl. 08-09;0.87573;0.87573;0.80051;0.64041;0.87573
2024-03-05 Kl. 09-10;0.85285;0.85285;0.83583;0.66866;0.85285
2024-03-05 Kl. 10-11;0.84626;0.84626;0.81766;0.65413;0.84626
2024-03-05 Kl. 11-12;0.84684;0.84684;0.84684;0.67747;0.84684
2024-03-05 Kl. 12-13;0.83811;0.83811;0.83811;0.67049;0.83811
2024-03-05 Kl. 13-14;0.83783;0.83783;0.83783;0.67026;0.83783
2024-03-05 Kl. 14-15;0.84455;0.84455;0.84455;0.67564;0.84455
2024-03-05 Kl. 15-16;0.85299;0.85299;0.85299;0.68239;0.85299
2024-03-05 Kl. 16-17;0.86786;0.86786;0.86786;0.69429;0.86786
2024-03-05 Kl. 17-18;1.05619;1.05619;1.05619;0.84495;1.05619
2024-03-05 Kl. 18-19;1.36879;1.36879;1.36879;1.09503;1.36879
2024-03-05 Kl. 19-20;1.12640;1.12640;1.12640;0.90112;1.12640
2024-03-05 Kl. 20-21;0.97054;0.97054;0.97054;0.77643;0.97054
2024-03-05 Kl. 21-22;0.91134;0.91134;0.91134;0.72907;0.91134
2024-03-05 Kl. 22-23;0.88631;0.88631;0.88631;0.70905;0.88631
2024-03-05 Kl. 23-00;0.86929;0.86929;0.86929;0.69543;0.86929
2024-03-06 Kl. 00-01;0.91875;0.91875;0.91875;0.73500;0.91875
2024-03-06 Kl. 01-02;0.90081;0.90081;0.90081;0.72065;0.90081
2024-03-06 Kl. 02-03;0.89220;0.89220;0.89220;0.71376;0.89220
2024-03-06 Kl. 03-04;0.90039;0.90039;0.90039;0.72031;0.90039
2024-03-06 Kl. 04-05;0.93166;0.93166;0.93166;0.74533;0.93166
2024-03-06 Kl. 05-06;0.98419;0.98419;0.98419;0.78735;0.98419
2024-03-06 Kl. 06-07;1.16200;1.16200;1.16200;0.92960;1.16200
2024-03-06 Kl. 07-08;1.48605;1.48605;1.48605;0.82742;1.48605
2024-03-06 Kl. 08-09;1.51159;1.51159;1.52250;0.56072;1.51159
2024-03-06 Kl. 09-10;1.21525;1.21525;1.21525;0.55085;1.21525
2024-03-06 Kl. 10-11;1.05323;1.05323;1.05323;0.49356;1.05323
2024-03-06 Kl. 11-12;0.99984;0.99984;0.99984;0.79987;0.99984
2024-03-06 Kl. 12-13;0.96611;0.96611;0.96611;0.55085;0.96611
2024-03-06 Kl. 13-14;0.96454;0.96454;0.96454;0.55028;0.96454
2024-03-06 Kl. 14-15;0.98133;0.98133;0.98133;0.53948;0.98133
2024-03-06 Kl. 15-16;1.00400;1.00400;1.00400;0.80320;1.00400
2024-03-06 Kl. 16-17;1.10848;1.10848;1.10848;0.88678;1.10848
2024-03-06 Kl. 17-18;1.39061;1.39061;1.43510;1.14808;1.39061
2024-03-06 Kl. 18-19;1.66285;1.66285;1.66285;0.57829;1.66285
2024-03-06 Kl. 19-20;1.65826;1.65826;1.29116;0.57783;1.29116
2024-03-06 Kl. 20-21;1.29876;1.29876;1.29130;0.60091;1.29130
2024-03-06 Kl. 21-22;1.11465;1.11465;1.11465;0.89172;1.11465
2024-03-06 Kl. 22-23;1.04590;1.04590;1.04590;0.83672;1.04590
2024-03-06 Kl. 23-00;0.94071;0.94071;0.93053;0.74442;0.94071
2024-03-07 Kl. 00-01;0.97340;0.97340;0.97340;0.77872;0.97340
2024-03-07 Kl. 01-02;0.94214;0.94214;0.94214;0.75371;0.94214
2024-03-07 Kl. 02-03;0.92908;0.92908;0.92908;0.74326;0.92908
2024-03-07 Kl. 03-04;0.92278;0.92278;0.92278;0.73822;0.92278
2024-03-07 Kl. 04-05;0.92951;0.92951;0.92951;0.74361;0.92951
2024-03-07 Kl. 05-06;0.95160;0.95160;0.95160;0.76128;0.95160
2024-03-07 Kl. 06-07;1.12545;1.12545;1.02118;0.81694;1.02118
2024-03-07 Kl. 07-08;1.48034;1.48034;0.99048;0.79238;1.48034
2024-03-07 Kl. 08-09;1.34693;1.34693;0.93238;0.74590;1.34693
2024-03-07 Kl. 09-10;1.10035;1.10035;0.91589;0.73271;1.10035
2024-03-07 Kl. 10-11;0.99004;0.99004;0.91345;0.73076;0.99004
2024-03-07 Kl. 11-12;0.91861;0.91861;0.91861;0.59913;0.91861
2024-03-07 Kl. 12-13;0.87471;0.87471;0.87471;0.53900;0.87471
2024-03-07 Kl. 13-14;0.86439;0.86439;0.86439;0.51754;0.86439
2024-03-07 Kl. 14-15;0.88663;0.88663;0.88663;0.53705;0.88663
2024-03-07 Kl. 15-16;0.91158;0.91158;0.91158;0.59982;0.91158
2024-03-07 Kl. 16-17;0.93066;0.93066;0.91288;0.73030;0.93066
2024-03-07 Kl. 17-18;1.23676;1.23676;0.85936;0.68749;1.12704
2024-03-07 Kl. 18-19;1.47230;1.47230;0.79698;0.63758;1.07640
2024-03-07 Kl. 19-20;1.25570;1.25570;0.79324;0.59580;1.05301
2024-03-07 Kl. 20-21;1.14611;1.14611;0.78908;0.63126;1.05345
2024-03-07 Kl. 21-22;0.98488;0.98488;0.81648;0.65318;0.98488
2024-03-07 Kl. 22-23;0.92635;0.92635;0.84631;0.67705;0.92635
2024-03-07 Kl. 23-00;0.91345;0.91345;0.88648;0.70918;0.91345
2024-03-08 Kl. 00-01;0.94249;0.94249;0.94249;0.75399;0.94249
2024-03-08 Kl. 01-02;0.92509;0.92509;0.92509;0.74007;0.92509
2024-03-08 Kl. 02-03;0.92481;0.92481;0.92481;0.73985;0.92481
2024-03-08 Kl. 03-04;0.91255;0.91255;0.91255;0.73004;0.91255
2024-03-08 Kl. 04-05;0.91583;0.91583;0.91583;0.73266;0.91583
2024-03-08 Kl. 05-06;0.92709;0.92709;0.92709;0.74167;0.92709
2024-03-08 Kl. 06-07;1.07693;1.07693;1.07693;0.86154;1.07693
2024-03-08 Kl. 07-08;1.35520;1.35520;1.35520;1.08416;1.35520
2024-03-08 Kl. 08-09;1.26396;1.26396;1.26724;1.01379;1.26396
2024-03-08 Kl. 09-10;0.99865;0.99865;1.03458;0.82766;0.99865
2024-03-08 Kl. 10-11;0.84640;0.84640;0.84640;0.67712;0.84640
2024-03-08 Kl. 11-12;0.79521;0.79521;0.79521;0.63617;0.79521
2024-03-08 Kl. 12-13;0.77226;0.77226;0.77226;0.61781;0.77226
2024-03-08 Kl. 13-14;0.75274;0.75274;0.75274;0.60219;0.75274
2024-03-08 Kl. 14-15;0.74104;0.74104;0.74104;0.59283;0.74104
2024-03-08 Kl. 15-16;0.75159;0.75159;0.75159;0.60127;0.75159
2024-03-08 Kl. 16-17;0.82844;0.82844;0.82844;0.66275;0.82844
2024-03-08 Kl. 17-18;0.90100;0.90100;0.99239;0.79391;0.90100
2024-03-08 Kl. 18-19;1.08263;1.08263;1.08263;0.86610;1.08263
2024-03-08 Kl. 19-20;1.10401;1.10401;1.10401;0.88321;1.10401
2024-03-08 Kl. 20-21;0.98155;0.98155;0.98155;0.78524;0.98155
2024-03-08 Kl. 21-22;0.90229;0.90229;0.90229;0.72183;0.90229
2024-03-08 Kl. 22-23;0.89844;0.89844;0.89844;0.71875;0.89844
2024-03-08 Kl. 23-00;0.85381;0.85381;0.85381;0.68305;0.85381
2024-03-09 Kl. 00-01;0.82216;0.82216;0.82216;0.65773;0.82216
2024-03-09 Kl. 01-02;0.77903;0.77903;0.77903;0.62322;0.77903
2024-03-09 Kl. 02-03;0.76555;0.76555;0.76555;0.61244;0.76555
2024-03-09 Kl. 03-04;0.75789;0.75789;0.75789;0.60631;0.75789
2024-03-09 Kl. 04-05;0.71008;0.71008;0.71986;0.56511;0.71986
2024-03-09 Kl. 05-06;0.69830;0.69830;0.72058;0.55580;0.72058
2024-03-09 Kl. 06-07;0.73249;0.73249;0.73249;0.58599;0.73249
2024-03-09 Kl. 07-08;0.75279;0.75279;0.75279;0.59984;0.75279
2024-03-09 Kl. 08-09;0.75279;0.75279;0.75279;0.59984;0.75279
2024-03-09 Kl. 09-10;0.72866;0.72866;0.72938;0.54616;0.72938
2024-03-09 Kl. 10-11;0.69958;0.69958;0.72725;0.55966;0.72725
2024-03-09 Kl. 11-12;0.68071;0.68071;0.72668;0.54457;0.72668
2024-03-09 Kl. 12-13;0.69915;0.69915;0.69915;0.55932;0.72313
2024-03-09 Kl. 13-14;0.69646;0.69646;0.66666;0.53333;0.72270
2024-03-09 Kl. 14-15;0.68851;0.68851;0.64468;0.51574;0.72243
2024-03-09 Kl. 15-16;0.71590;0.71590;0.64539;0.51631;0.72256
2024-03-09 Kl. 16-17;0.76853;0.76853;0.76513;0.61210;0.76853
2024-03-09 Kl. 17-18;0.84911;0.84911;0.84911;0.67929;0.84911
2024-03-09 Kl. 18-19;0.88046;0.88046;0.88046;0.70437;0.88046
2024-03-09 Kl. 19-20;0.85351;0.85351;0.85351;0.68281;0.85351
2024-03-09 Kl. 20-21;0.83635;0.83635;0.80641;0.64513;0.83635
2024-03-09 Kl. 21-22;0.83124;0.83124;0.76640;0.61312;0.83124
2024-03-09 Kl. 22-23;0.81265;0.81265;0.75165;0.60132;0.81265
2024-03-09 Kl. 23-00;0.79449;0.79449;0.71391;0.57113;0.79449
2024-03-10 Kl. 00-01;0.74208;0.74208;0.69374;0.55499;0.74208
2024-03-10 Kl. 01-02;0.67776;0.67776;0.65681;0.52545;0.72496
2024-03-10 Kl. 02-03;0.60305;0.60305;0.58436;0.46749;0.72454
2024-03-10 Kl. 03-04;0.52319;0.52319;0.50694;0.40555;0.72440
2024-03-10 Kl. 04-05;0.47670;0.47670;0.46188;0.36950;0.72454
2024-03-10 Kl. 05-06;0.47514;0.47514;0.46031;0.36825;0.72683
2024-03-10 Kl. 06-07;0.49795;0.49795;0.48355;0.38684;0.72625
2024-03-10 Kl. 07-08;0.57995;0.57995;0.56313;0.45050;0.72654
2024-03-10 Kl. 08-09;0.51350;0.51350;0.49653;0.39722;0.72683
2024-03-10 Kl. 09-10;0.54001;0.54001;0.49210;0.35718;0.72754
2024-03-10 Kl. 10-11;0.67249;0.67249;0.63755;0.37224;0.72668
2024-03-10 Kl. 11-12;0.72454;0.72454;0.71228;0.38467;0.72881
2024-03-10 Kl. 12-13;0.70244;0.70244;0.72640;0.38171;0.72640
2024-03-10 Kl. 13-14;0.69988;0.69988;0.72568;0.38444;0.72568
2024-03-10 Kl. 14-15;0.70315;0.70315;0.72540;0.38250;0.72540
2024-03-10 Kl. 15-16;0.70073;0.70073;0.72511;0.36790;0.72511
2024-03-10 Kl. 16-17;0.74964;0.74964;0.74964;0.55613;0.74964
2024-03-10 Kl. 17-18;0.79813;0.79813;0.78685;0.62948;0.79813
2024-03-10 Kl. 18-19;0.82194;0.82194;0.82194;0.65755;0.82194
2024-03-10 Kl. 19-20;0.82023;0.82023;0.79214;0.63371;0.82023
2024-03-10 Kl. 20-21;0.79940;0.79940;0.77303;0.57051;0.79940
2024-03-10 Kl. 21-22;0.78429;0.78429;0.78086;0.59834;0.78429
2024-03-10 Kl. 22-23;0.77944;0.77944;0.77944;0.57051;0.77944
2024-03-10 Kl. 23-00;0.76590;0.76590;0.76590;0.56001;0.76590
2024-03-11 Kl. 00-01;0.74080;0.74080;0.74080;0.41844;0.74080
2024-03-11 Kl. 01-02;0.72596;0.72596;0.72596;0.38673;0.72596
2024-03-11 Kl. 02-03;0.73894;0.73894;0.73894;0.39745;0.73894
2024-03-11 Kl. 03-04;0.72939;0.72939;0.72939;0.39927;0.72939
2024-03-11 Kl. 04-05;0.76034;0.76034;0.76034;0.50731;0.76034
2024-03-11 Kl. 05-06;0.78358;0.78358;0.78358;0.62686;0.78358
2024-03-11 Kl. 06-07;0.82608;0.82608;0.80483;0.64386;0.82608
2024-03-11 Kl. 07-08;0.88796;0.88796;0.88796;0.71037;0.88796
2024-03-11 Kl. 08-09;0.92389;0.92389;0.92389;0.73911;0.92389
2024-03-11 Kl. 09-10;0.89623;0.89623;0.89623;0.71698;0.89623
2024-03-11 Kl. 10-11;0.88269;0.88269;0.88269;0.70615;0.88269
2024-03-11 Kl. 11-12;0.86186;0.86186;0.86186;0.68949;0.86186
2024-03-11 Kl. 12-13;0.83990;0.83990;0.83919;0.67135;0.83990
2024-03-11 Kl. 13-14;0.84019;0.84019;0.84019;0.67215;0.84019
2024-03-11 Kl. 14-15;0.83734;0.83734;0.83734;0.66987;0.83734
2024-03-11 Kl. 15-16;0.85488;0.85488;0.85488;0.68390;0.85488
2024-03-11 Kl. 16-17;0.87855;0.87855;0.87855;0.70284;0.87855
2024-03-11 Kl. 17-18;0.93145;0.93145;0.93145;0.74516;0.93145
2024-03-11 Kl. 18-19;1.04111;1.04111;1.04111;0.83289;1.04111
2024-03-11 Kl. 19-20;0.99833;0.99833;0.99833;0.79866;0.99833
2024-03-11 Kl. 20-21;0.95811;0.95811;0.95811;0.76649;0.95811
2024-03-11 Kl. 21-22;0.93530;0.93530;0.93530;0.74824;0.93530
2024-03-11 Kl. 22-23;0.90479;0.90479;0.90479;0.72383;0.90479
2024-03-11 Kl. 23-00;0.90165;0.90165;0.85488;0.68390;0.90165
2024-03-12 Kl. 00-01;0.92251;0.92251;0.92251;0.73801;0.92251
2024-03-12 Kl. 01-02;0.90679;0.90679;0.90679;0.72543;0.90679
2024-03-12 Kl. 02-03;0.90450;0.90450;0.90450;0.72360;0.90450
2024-03-12 Kl. 03-04;0.90179;0.90179;0.90179;0.72143;0.90179
2024-03-12 Kl. 04-05;0.91236;0.91236;0.91236;0.72989;0.91236
2024-03-12 Kl. 05-06;0.98824;0.98824;0.98824;0.79059;0.98824
2024-03-12 Kl. 06-07;1.03468;1.03468;1.03468;0.82774;1.03468
2024-03-12 Kl. 07-08;1.36961;1.36961;1.35361;1.08289;1.36961
2024-03-12 Kl. 08-09;1.41891;1.41891;1.41891;1.13513;1.41891
2024-03-12 Kl. 09-10;1.29903;1.29903;1.29903;1.03922;1.29903
2024-03-12 Kl. 10-11;1.18758;1.18758;1.18758;0.95006;1.18758
2024-03-12 Kl. 11-12;1.11713;1.11713;1.11713;0.89370;1.11713
2024-03-12 Kl. 12-13;1.08840;1.08840;1.08840;0.87072;1.08840
2024-03-12 Kl. 13-14;1.05268;1.05268;1.05268;0.84214;1.05268
2024-03-12 Kl. 14-15;1.00110;1.00110;1.00110;0.80088;1.00110
2024-03-12 Kl. 15-16;0.98609;0.98609;0.98609;0.78887;0.98609
2024-03-12 Kl. 16-17;0.98595;0.98595;0.98595;0.78876;0.98595
2024-03-12 Kl. 17-18;1.07711;1.07711;1.07711;0.86169;1.07711
2024-03-12 Kl. 18-19;1.17643;1.17643;1.17643;0.94114;1.17643
2024-03-12 Kl. 19-20;1.41649;1.41649;1.41649;1.13319;1.41649
2024-03-12 Kl. 20-21;1.01581;1.01581;1.01581;0.81265;1.01581
2024-03-12 Kl. 21-22;1.02039;1.02039;1.02039;0.81631;1.02039
2024-03-12 Kl. 22-23;0.97553;0.97553;0.97553;0.78042;0.97553
2024-03-12 Kl. 23-00;0.90236;0.90236;0.90236;0.72189;0.90236
2024-03-13 Kl. 00-01;0.84213;0.84213;0.84213;0.67370;0.84213
2024-03-13 Kl. 01-02;0.82039;0.82039;0.82039;0.65631;0.82039
2024-03-13 Kl. 02-03;0.81094;0.81094;0.81094;0.64875;0.81094
2024-03-13 Kl. 03-04;0.80379;0.80379;0.80379;0.64303;0.80379
2024-03-13 Kl. 04-05;0.80823;0.80823;0.80823;0.64658;0.80823
2024-03-13 Kl. 05-06;0.83569;0.83569;0.83569;0.66855;0.83569
2024-03-13 Kl. 06-07;0.86201;0.86201;0.86201;0.68961;0.86201
2024-03-13 Kl. 07-08;0.98220;0.98220;1.03470;0.82776;0.98220
2024-03-13 Kl. 08-09;1.24645;1.24645;1.24645;0.99716;1.24645
2024-03-13 Kl. 09-10;1.06761;1.06761;1.06275;0.85020;1.06761
2024-03-13 Kl. 10-11;0.93613;0.93613;0.93613;0.74890;0.93613
2024-03-13 Kl. 11-12;0.87246;0.87246;0.87246;0.69797;0.87246
2024-03-13 Kl. 12-13;0.85701;0.85701;0.83713;0.66970;0.85701
2024-03-13 Kl. 13-14;0.82525;0.82525;0.77260;0.61808;0.82525
2024-03-13 Kl. 14-15;0.81466;0.81466;0.75543;0.60434;0.81466
2024-03-13 Kl. 15-16;0.81223;0.81223;0.74255;0.59404;0.81223
2024-03-13 Kl. 16-17;0.84514;0.84514;0.73611;0.58889;0.84514
2024-03-13 Kl. 17-18;0.90194;0.90194;0.67945;0.54356;0.90194
2024-03-13 Kl. 18-19;0.90150;0.90150;0.66158;0.52926;0.90150
2024-03-13 Kl. 19-20;0.85400;0.85400;0.62523;0.50018;0.85400
2024-03-13 Kl. 20-21;0.79935;0.79935;0.51091;0.40873;0.79935
2024-03-13 Kl. 21-22;0.78061;0.78061;0.44195;0.35356;0.78061
2024-03-13 Kl. 22-23;0.76930;0.76930;0.42006;0.29656;0.76930
2024-03-13 Kl. 23-00;0.76301;0.76301;0.42406;0.27390;0.76301
2024-03-14 Kl. 00-01;0.75533;0.75533;0.56875;0.31149;0.75533
2024-03-14 Kl. 01-02;0.74556;0.74556;0.58669;0.32044;0.74556
2024-03-14 Kl. 02-03;0.73351;0.73351;0.44964;0.32423;0.73351
2024-03-14 Kl. 03-04;0.72619;0.72619;0.39984;0.31987;0.72619
2024-03-14 Kl. 04-05;0.74585;0.74585;0.38879;0.31103;0.74585
2024-03-14 Kl. 05-06;0.76164;0.76164;0.36036;0.28829;0.76164
2024-03-14 Kl. 06-07;0.78876;0.78876;0.39524;0.31619;0.78876
2024-03-14 Kl. 07-08;0.80713;0.80713;0.43585;0.34868;0.80713
2024-03-14 Kl. 08-09;0.83124;0.83124;0.43758;0.35006;0.83124
2024-03-14 Kl. 09-10;0.80684;0.80684;0.43241;0.34593;0.80684
2024-03-14 Kl. 10-11;0.77470;0.77470;0.43543;0.34834;0.77470
2024-03-14 Kl. 11-12;0.73666;0.73666;0.43959;0.35167;0.73666
2024-03-14 Kl. 12-13;0.73480;0.73480;0.43011;0.34409;0.73480
2024-03-14 Kl. 13-14;0.72433;0.72433;0.41676;0.33341;0.72433
2024-03-14 Kl. 14-15;0.74729;0.74729;0.39395;0.31516;0.74729
2024-03-14 Kl. 15-16;0.77871;0.77871;0.35793;0.28634;0.77871
2024-03-14 Kl. 16-17;0.79306;0.79306;0.36510;0.29208;0.79306
2024-03-14 Kl. 17-18;0.83770;0.83770;0.38246;0.30597;0.83770
2024-03-14 Kl. 18-19;0.85593;0.85593;0.39353;0.31482;0.85593
2024-03-14 Kl. 19-20;0.83598;0.83598;0.39380;0.31504;0.83598
2024-03-14 Kl. 20-21;0.80354;0.80354;0.38921;0.31137;0.80354
2024-03-14 Kl. 21-22;0.79134;0.79134;0.35979;0.28783;0.79134
2024-03-14 Kl. 22-23;0.78144;0.78144;0.32765;0.26212;0.78144
2024-03-14 Kl. 23-00;0.75288;0.75288;0.32291;0.25833;0.75288
2024-03-15 Kl. 00-01;0.70676;0.70676;0.24275;0.19420;0.70676
2024-03-15 Kl. 01-02;0.68741;0.68741;0.27715;0.22172;0.68741
2024-03-15 Kl. 02-03;0.67266;0.67266;0.31541;0.25233;0.67266
2024-03-15 Kl. 03-04;0.64859;0.64859;0.32515;0.26012;0.64859
2024-03-15 Kl. 04-05;0.65216;0.65216;0.37058;0.29646;0.65216
2024-03-15 Kl. 05-06;0.68528;0.68528;0.65919;0.30013;0.68528
2024-03-15 Kl. 06-07;0.74130;0.74130;0.72726;0.31240;0.74130
2024-03-15 Kl. 07-08;0.77841;0.77841;0.76881;0.40549;0.77841
2024-03-15 Kl. 08-09;0.78400;0.78400;0.78400;0.45295;0.78400
2024-03-15 Kl. 09-10;0.76280;0.76280;0.76280;0.48253;0.76280
2024-03-15 Kl. 10-11;0.72855;0.72855;0.73514;0.51554;0.72855
2024-03-15 Kl. 11-12;0.69559;0.69559;0.72554;0.44917;0.69559
2024-03-15 Kl. 12-13;0.67925;0.67925;0.70734;0.43954;0.67925
2024-03-15 Kl. 13-14;0.68126;0.68126;0.69258;0.43506;0.68126
2024-03-15 Kl. 14-15;0.70691;0.70691;0.70691;0.50270;0.70691
2024-03-15 Kl. 15-16;0.73844;0.73844;0.72095;0.57676;0.73844
2024-03-15 Kl. 16-17;0.76394;0.76394;0.74303;0.59442;0.76394
2024-03-15 Kl. 17-18;0.79690;0.79690;0.79690;0.63752;0.79690
2024-03-15 Kl. 18-19;0.81381;0.81381;0.81381;0.65105;0.81381
2024-03-15 Kl. 19-20;0.79590;0.79590;0.74804;0.59843;0.79590
2024-03-15 Kl. 20-21;0.77770;0.77770;0.70104;0.56083;0.77770
2024-03-15 Kl. 21-22;0.76309;0.76309;0.62966;0.50373;0.76309
2024-03-15 Kl. 22-23;0.74030;0.74030;0.57321;0.45857;0.74030
2024-03-15 Kl. 23-00;0.72726;0.72726;0.54770;0.43816;0.72726
2024-03-16 Kl. 00-01;0.69251;0.69251;0.54850;0.43880;0.69251
2024-03-16 Kl. 01-02;0.65575;0.65575;0.54909;0.43927;0.65648
2024-03-16 Kl. 02-03;0.60530;0.60530;0.52875;0.42300;0.65533
2024-03-16 Kl. 03-04;0.57849;0.57849;0.51348;0.41078;0.65561
2024-03-16 Kl. 04-05;0.57531;0.57531;0.50310;0.40248;0.65446
2024-03-16 Kl. 05-06;0.62188;0.62188;0.49388;0.39510;0.65230
2024-03-16 Kl. 06-07;0.68128;0.68128;0.49416;0.39533;0.68128
2024-03-16 Kl. 07-08;0.71674;0.71674;0.51275;0.41020;0.71674
2024-03-16 Kl. 08-09;0.71515;0.71515;0.66325;0.42762;0.71515
2024-03-16 Kl. 09-10;0.69410;0.69410;0.69410;0.44849;0.69410
2024-03-16 Kl. 10-11;0.67305;0.67305;0.67305;0.45195;0.67305
2024-03-16 Kl. 11-12;0.63355;0.63355;0.66311;0.44849;0.66311
2024-03-16 Kl. 12-13;0.57690;0.57690;0.66296;0.41309;0.66296
2024-03-16 Kl. 13-14;0.62216;0.62216;0.66296;0.31921;0.66296
2024-03-16 Kl. 14-15;0.64423;0.64423;0.66283;0.31679;0.66283
2024-03-16 Kl. 15-16;0.68040;0.68040;0.68040;0.33444;0.68040
2024-03-16 Kl. 16-17;0.71659;0.71659;0.71659;0.39464;0.71659
2024-03-16 Kl. 17-18;0.74326;0.74326;0.74326;0.44076;0.74326
2024-03-16 Kl. 18-19;0.77209;0.77209;0.77209;0.43730;0.77209
2024-03-16 Kl. 19-20;0.77511;0.77511;0.77511;0.38241;0.77511
2024-03-16 Kl. 20-21;0.77511;0.77511;0.77511;0.34239;0.77511
2024-03-16 Kl. 21-22;0.77469;0.77469;0.77469;0.33305;0.77469
2024-03-16 Kl. 22-23;0.77626;0.77626;0.77626;0.33236;0.77626
2024-03-16 Kl. 23-00;0.79256;0.79256;0.79256;0.33374;0.79256
2024-03-17 Kl. 00-01;0.78874;0.78874;0.78874;0.33198;0.78874
2024-03-17 Kl. 01-02;0.79234;0.79234;0.79234;0.33083;0.79234
2024-03-17 Kl. 02-03;0.78153;0.78153;0.74780;0.33567;0.78153
2024-03-17 Kl. 03-04;0.78916;0.78916;0.72070;0.34939;0.78916
2024-03-17 Kl. 04-05;0.78974;0.78974;0.50521;0.40417;0.78974
2024-03-17 Kl. 05-06;0.79364;0.79364;0.55450;0.44360;0.79364
2024-03-17 Kl. 06-07;0.79176;0.79176;0.59515;0.47612;0.79176
2024-03-17 Kl. 07-08;0.78196;0.78196;0.70916;0.56733;0.78196
2024-03-17 Kl. 08-09;0.74088;0.74088;0.71320;0.57056;0.74088
2024-03-17 Kl. 09-10;0.71638;0.71638;0.67961;0.54369;0.71638
2024-03-17 Kl. 10-11;0.69404;0.69404;0.65440;0.52352;0.69404
2024-03-17 Kl. 11-12;0.68149;0.68149;0.66175;0.52940;0.68149
2024-03-17 Kl. 12-13;0.66275;0.66275;0.60265;0.48212;0.66275
2024-03-17 Kl. 13-14;0.70499;0.70499;0.57873;0.46298;0.70499
2024-03-17 Kl. 14-15;0.74448;0.74448;0.67616;0.54093;0.74448
2024-03-17 Kl. 15-16;0.78296;0.78296;0.78296;0.59662;0.78296
2024-03-17 Kl. 16-17;0.82823;0.82823;0.82823;0.59662;0.82823
2024-03-17 Kl. 17-18;1.05481;1.05481;0.71594;0.57275;1.05481
2024-03-17 Kl. 18-19;1.31715;1.31715;0.66981;0.53585;1.31715
2024-03-17 Kl. 19-20;1.23326;1.23326;0.57641;0.46113;1.23326
2024-03-17 Kl. 20-21;0.87954;0.87954;0.57238;0.45790;0.87954
2024-03-17 Kl. 21-22;0.83211;0.83211;0.56589;0.45271;0.83211
2024-03-17 Kl. 22-23;0.79854;0.79854;0.56244;0.44995;0.79854
2024-03-17 Kl. 23-00;0.78296;0.78296;0.55033;0.44026;0.78296
2024-03-18 Kl. 00-01;0.78629;0.78629;0.58953;0.47162;0.78629
2024-03-18 Kl. 01-02;0.78325;0.78325;0.59314;0.47451;0.78325
2024-03-18 Kl. 02-03;0.78124;0.78124;0.57511;0.46009;0.78124
2024-03-18 Kl. 03-04;0.77936;0.77936;0.64690;0.45029;0.77936
2024-03-18 Kl. 04-05;0.78181;0.78181;0.67961;0.45548;0.78181
2024-03-18 Kl. 05-06;0.80141;0.80141;0.67961;0.47578;0.80141
2024-03-18 Kl. 06-07;0.83111;0.83111;0.71739;0.46136;0.83111
2024-03-18 Kl. 07-08;0.96516;0.96516;0.74823;0.47243;0.96516
2024-03-18 Kl. 08-09;1.31786;1.31786;0.81381;0.51383;1.31786
2024-03-18 Kl. 09-10;1.13106;1.13106;0.77706;0.52467;1.13106
2024-03-18 Kl. 10-11;1.00796;1.00796;0.74074;0.55903;1.00796
2024-03-18 Kl. 11-12;0.91024;0.91024;0.72906;0.58325;0.91024
2024-03-18 Kl. 12-13;0.88099;0.88099;0.73396;0.58717;0.88099
2024-03-18 Kl. 13-14;0.84999;0.84999;0.75515;0.60412;0.84999
2024-03-18 Kl. 14-15;0.83241;0.83241;0.75068;0.60054;0.83241
2024-03-18 Kl. 15-16;0.82995;0.82995;0.72143;0.57714;0.82995
2024-03-18 Kl. 16-17;0.83226;0.83226;0.71681;0.55892;0.83226
2024-03-18 Kl. 17-18;0.89108;0.89108;0.72416;0.55073;0.89108
2024-03-18 Kl. 18-19;0.87781;0.87781;0.74045;0.54600;0.87781
2024-03-18 Kl. 19-20;0.86830;0.86830;0.75241;0.55015;0.86830
2024-03-18 Kl. 20-21;0.86354;0.86354;0.79190;0.55373;0.86354
2024-03-18 Kl. 21-22;0.82966;0.82966;0.79104;0.54958;0.82966
2024-03-18 Kl. 22-23;0.81915;0.81915;0.76970;0.53712;0.81915
2024-03-18 Kl. 23-00;0.79766;0.79766;0.73613;0.51095;0.79766
2024-03-19 Kl. 00-01;0.79510;0.79510;0.72335;0.48974;0.79510
2024-03-19 Kl. 01-02;0.78053;0.78053;0.67874;0.49759;0.78053
2024-03-19 Kl. 02-03;0.77273;0.77273;0.64495;0.51596;0.77273
2024-03-19 Kl. 03-04;0.74399;0.74399;0.66401;0.53121;0.74399
2024-03-19 Kl. 04-05;0.74861;0.74861;0.69649;0.55719;0.74861
2024-03-19 Kl. 05-06;0.79338;0.79338;0.68870;0.55096;0.79338
2024-03-19 Kl. 06-07;0.85315;0.85315;0.67729;0.54183;0.85315
2024-03-19 Kl. 07-08;1.27633;1.27633;0.70834;0.56667;0.89386
2024-03-19 Kl. 08-09;1.34404;1.34404;0.73028;0.58422;1.09109
2024-03-19 Kl. 09-10;1.00720;1.00720;0.81113;0.64890;1.00720
2024-03-19 Kl. 10-11;0.88245;0.88245;0.88245;0.70596;0.88245
2024-03-19 Kl. 11-12;0.82428;0.82428;0.82889;0.66311;0.82428
2024-03-19 Kl. 12-13;0.78644;0.78644;0.78644;0.62915;0.78644
2024-03-19 Kl. 13-14;0.79351;0.79351;0.79351;0.63481;0.79351
2024-03-19 Kl. 14-15;0.81200;0.81200;0.79265;0.63412;0.81200
2024-03-19 Kl. 15-16;0.84130;0.84130;0.77965;0.62372;0.84130
2024-03-19 Kl. 16-17;0.90050;0.90050;0.74226;0.59381;0.89516
2024-03-19 Kl. 17-18;0.99190;0.99190;0.70993;0.56794;0.90874
2024-03-19 Kl. 18-19;0.95638;0.95638;0.68870;0.55096;0.86556
2024-03-19 Kl. 19-20;0.85415;0.85415;0.68264;0.54611;0.85415
2024-03-19 Kl. 20-21;0.83048;0.83048;0.65245;0.52196;0.83048
2024-03-19 Kl. 21-22;0.82990;0.82990;0.71295;0.57036;0.82990
2024-03-19 Kl. 22-23;0.83105;0.83105;0.68696;0.53051;0.83105
2024-03-19 Kl. 23-00;0.81979;0.81979;0.61463;0.49170;0.81979
2024-03-20 Kl. 00-01;0.83736;0.83736;0.66725;0.53380;0.83736
2024-03-20 Kl. 01-02;0.83316;0.83316;0.66566;0.53253;0.83316
2024-03-20 Kl. 02-03;0.83041;0.83041;0.67551;0.54041;0.83041
2024-03-20 Kl. 03-04;0.83013;0.83013;0.69189;0.55351;0.83013
2024-03-20 Kl. 04-05;0.83171;0.83171;0.72666;0.58133;0.83171
2024-03-20 Kl. 05-06;0.83954;0.83954;0.72710;0.58168;0.83954
2024-03-20 Kl. 06-07;0.86548;0.86548;0.81809;0.65447;0.86548
2024-03-20 Kl. 07-08;1.62213;1.62213;0.92329;0.73863;0.96314
2024-03-20 Kl. 08-09;1.39059;1.39059;0.99110;0.79288;1.39059
2024-03-20 Kl. 09-10;0.99864;0.99864;0.99864;0.79891;0.99864
2024-03-20 Kl. 10-11;0.92865;0.92865;0.94488;0.67534;0.92865
2024-03-20 Kl. 11-12;0.91808;0.91808;0.92474;0.63906;0.91808
2024-03-20 Kl. 12-13;0.86881;0.86881;0.86881;0.52615;0.86881
2024-03-20 Kl. 13-14;0.89794;0.89794;0.89794;0.56638;0.89794
2024-03-20 Kl. 14-15;0.91010;0.91010;0.91010;0.55942;0.91010
2024-03-20 Kl. 15-16;0.98719;0.98719;0.98719;0.55942;0.98719
2024-03-20 Kl. 16-17;1.06529;1.06529;1.06529;0.55942;1.06529
2024-03-20 Kl. 17-18;1.62706;1.62706;1.07239;0.59895;1.62706
2024-03-20 Kl. 18-19;2.29634;2.29634;0.98965;0.64926;0.98965
2024-03-20 Kl. 19-20;1.42145;1.42145;0.98806;0.79045;0.98806
2024-03-20 Kl. 20-21;0.94213;0.94213;0.94213;0.75370;0.94213
2024-03-20 Kl. 21-22;0.88663;0.88663;0.88663;0.70930;0.88663
2024-03-20 Kl. 22-23;0.85939;0.85939;0.85939;0.68751;0.85939
2024-03-20 Kl. 23-00;0.84171;0.84171;0.84171;0.67337;0.84171
2024-03-21 Kl. 00-01;0.86051;0.86051;0.86051;0.68841;0.86051
2024-03-21 Kl. 01-02;0.85211;0.85211;0.85211;0.68169;0.85211
2024-03-21 Kl. 02-03;0.84748;0.84748;0.84039;0.67231;0.84748
2024-03-21 Kl. 03-04;0.84806;0.84806;0.82329;0.65863;0.84806
2024-03-21 Kl. 04-05;0.85501;0.85501;0.83039;0.66431;0.85501
2024-03-21 Kl. 05-06;0.88369;0.88369;0.87703;0.70162;0.88369
2024-03-21 Kl. 06-07;0.96278;0.96278;0.83734;0.66987;0.94873
2024-03-21 Kl. 07-08;1.36544;1.36544;0.95669;0.76535;1.02694
2024-03-21 Kl. 08-09;1.44858;1.44858;1.05880;0.84704;1.44858
2024-03-21 Kl. 09-10;1.12515;1.12515;1.12515;0.90012;1.12515
2024-03-21 Kl. 10-11;1.01883;1.01883;1.04881;0.83905;1.01883
2024-03-21 Kl. 11-12;0.95640;0.95640;0.96176;0.76941;0.95640
2024-03-21 Kl. 12-13;0.90904;0.90904;0.91339;0.73071;0.90904
2024-03-21 Kl. 13-14;0.86385;0.86385;0.86385;0.66999;0.86385
2024-03-21 Kl. 14-15;0.89701;0.89701;0.94496;0.66941;0.89701
2024-03-21 Kl. 15-16;0.89991;0.89991;0.93699;0.59988;0.89991
2024-03-21 Kl. 16-17;0.89455;0.89455;0.89455;0.58192;0.89455
2024-03-21 Kl. 17-18;1.28940;1.28940;0.83734;0.66987;1.28940
2024-03-21 Kl. 18-19;1.69655;1.69655;0.81403;0.65122;1.69655
2024-03-21 Kl. 19-20;1.69221;1.69221;0.73118;0.58494;1.69221
2024-03-21 Kl. 20-21;1.18641;1.18641;0.70336;0.56269;1.18641
2024-03-21 Kl. 21-22;0.89064;0.89064;0.66831;0.53465;0.89064
2024-03-21 Kl. 22-23;0.86211;0.86211;0.63644;0.50915;0.86211
2024-03-21 Kl. 23-00;0.82445;0.82445;0.59415;0.47532;0.82445
2024-03-22 Kl. 00-01;0.78248;0.78248;0.54328;0.43462;0.78248
2024-03-22 Kl. 01-02;0.72985;0.72985;0.49396;0.39517;0.72985
2024-03-22 Kl. 02-03;0.69424;0.69424;0.46484;0.37187;0.69424
2024-03-22 Kl. 03-04;0.68140;0.68140;0.41698;0.33358;0.68140
2024-03-22 Kl. 04-05;0.65185;0.65185;0.46023;0.36818;0.68126
2024-03-22 Kl. 05-06;0.69711;0.69711;0.53261;0.42609;0.69711
2024-03-22 Kl. 06-07;0.73965;0.73965;0.61018;0.48814;0.73965
2024-03-22 Kl. 07-08;0.79444;0.79444;0.69279;0.52482;0.79444
2024-03-22 Kl. 08-09;0.84188;0.84188;0.76748;0.52851;0.84188
2024-03-22 Kl. 09-10;0.80223;0.80223;0.79256;0.51940;0.80223
2024-03-22 Kl. 10-11;0.76776;0.76776;0.73936;0.52009;0.76776
2024-03-22 Kl. 11-12;0.74181;0.74181;0.70360;0.53024;0.74181
2024-03-22 Kl. 12-13;0.73879;0.73879;0.70073;0.52724;0.73879
2024-03-22 Kl. 13-14;0.74629;0.74629;0.72465;0.55343;0.74629
2024-03-22 Kl. 14-15;0.73951;0.73951;0.70289;0.53958;0.73951
2024-03-22 Kl. 15-16;0.76128;0.76128;0.71816;0.52551;0.76128
2024-03-22 Kl. 16-17;0.77021;0.77021;0.77021;0.52251;0.77021
2024-03-22 Kl. 17-18;0.83669;0.83669;0.83669;0.51709;0.83669
2024-03-22 Kl. 18-19;0.85803;0.85803;0.85803;0.52124;0.85803
2024-03-22 Kl. 19-20;0.86120;0.86120;0.86120;0.67108;0.86120
2024-03-22 Kl. 20-21;0.85529;0.85529;0.77901;0.62321;0.85529
2024-03-22 Kl. 21-22;0.84706;0.84706;0.73014;0.58411;0.84706
2024-03-22 Kl. 22-23;0.81895;0.81895;0.71341;0.57073;0.81895
2024-03-22 Kl. 23-00;0.78594;0.78594;0.67160;0.53728;0.78594
2024-03-23 Kl. 00-01;0.77420;0.77420;0.53509;0.42807;0.77420
2024-03-23 Kl. 01-02;0.74424;0.74424;0.54250;0.43400;0.74424
2024-03-23 Kl. 02-03;0.74190;0.74190;0.53683;0.42946;0.74190
2024-03-23 Kl. 03-04;0.72736;0.72736;0.55138;0.44110;0.73028
2024-03-23 Kl. 04-05;0.73361;0.73361;0.55313;0.44250;0.73361
2024-03-23 Kl. 05-06;0.73129;0.73129;0.55429;0.44343;0.73129
2024-03-23 Kl. 06-07;0.71704;0.71704;0.61014;0.48811;0.72868
2024-03-23 Kl. 07-08;0.65130;0.65130;0.63239;0.50591;0.73144
2024-03-23 Kl. 08-09;0.54861;0.54861;0.54861;0.43889;0.73361
2024-03-23 Kl. 09-10;0.34805;0.34805;0.36114;0.28891;0.73856
2024-03-23 Kl. 10-11;0.16871;0.16871;0.41000;0.32800;0.73914
2024-03-23 Kl. 11-12;0.15126;0.15126;0.42863;0.33126;0.74161
2024-03-23 Kl. 12-13;0.15054;0.15054;0.42295;0.33440;0.73988
2024-03-23 Kl. 13-14;0.21119;0.21119;0.44535;0.33417;0.73929
2024-03-23 Kl. 14-15;0.34849;0.34849;0.51661;0.33580;0.73914
2024-03-23 Kl. 15-16;0.42586;0.42586;0.58178;0.34069;0.73681
2024-03-23 Kl. 16-17;0.55806;0.55806;0.58134;0.44645;0.73565
2024-03-23 Kl. 17-18;0.70235;0.70235;0.70235;0.56188;0.73696
2024-03-23 Kl. 18-19;0.79834;0.79834;0.79834;0.63867;0.79834
2024-03-23 Kl. 19-20;0.85288;0.85288;0.85288;0.68230;0.85288
2024-03-23 Kl. 20-21;0.76998;0.76998;0.75354;0.60283;0.76998
2024-03-23 Kl. 21-22;0.69828;0.69828;0.68315;0.54652;0.73420
2024-03-23 Kl. 22-23;0.58585;0.58585;0.63894;0.46868;0.73420
2024-03-23 Kl. 23-00;0.45408;0.45408;0.58701;0.36326;0.73624
2024-03-24 Kl. 00-01;0.52664;0.52664;0.76396;0.42131;0.76396
2024-03-24 Kl. 01-02;0.49193;0.49193;0.74741;0.39354;0.74741
2024-03-24 Kl. 02-03;0.48466;0.48466;0.74900;0.38773;0.74900
2024-03-24 Kl. 03-04;0.48714;0.48714;0.74930;0.38971;0.74930
2024-03-24 Kl. 04-05;0.51066;0.51066;0.75365;0.40853;0.75365
2024-03-24 Kl. 05-06;0.52780;0.52780;0.77021;0.42224;0.77021
2024-03-24 Kl. 06-07;0.48176;0.48176;0.77529;0.38541;0.77529
2024-03-24 Kl. 07-08;0.54073;0.54073;0.77675;0.43258;0.77675
2024-03-24 Kl. 08-09;0.60885;0.60885;0.78226;0.48708;0.78226
2024-03-24 Kl. 09-10;0.65489;0.65489;0.82090;0.52391;0.77689
2024-03-24 Kl. 10-11;0.67174;0.67174;0.81538;0.53739;0.77645
2024-03-24 Kl. 11-12;0.70049;0.70049;0.80449;0.56039;0.77601
2024-03-24 Kl. 12-13;0.72083;0.72083;0.76686;0.57666;0.76686
2024-03-24 Kl. 13-14;0.72258;0.72258;0.71516;0.57213;0.76004
2024-03-24 Kl. 14-15;0.73361;0.73361;0.71938;0.57550;0.75903
2024-03-24 Kl. 15-16;0.75510;0.75510;0.74406;0.59525;0.76455
2024-03-24 Kl. 16-17;0.79738;0.79738;0.79738;0.63790;0.79738
2024-03-24 Kl. 17-18;0.86273;0.86273;0.86273;0.69018;0.86273
2024-03-24 Kl. 18-19;0.97893;0.97893;1.08930;0.87144;0.97893
2024-03-24 Kl. 19-20;1.05634;1.05634;1.08785;0.87028;1.05634
2024-03-24 Kl. 20-21;0.94348;0.94348;0.97166;0.77733;0.94348
2024-03-24 Kl. 21-22;0.91356;0.91356;0.94073;0.75258;0.91356
2024-03-24 Kl. 22-23;0.90645;0.90645;0.93346;0.74677;0.90645
2024-03-24 Kl. 23-00;0.88815;0.88815;0.90340;0.72272;0.88815
2024-03-25 Kl. 00-01;0.88161;0.88161;0.90790;0.72632;0.88161
2024-03-25 Kl. 01-02;0.87856;0.87856;0.90470;0.72376;0.87856
2024-03-25 Kl. 02-03;0.88118;0.88118;0.90005;0.72004;0.88118
2024-03-25 Kl. 03-04;0.90790;0.90790;0.92881;0.74305;0.90790
2024-03-25 Kl. 04-05;0.94231;0.94231;0.97253;0.77802;0.94231
2024-03-25 Kl. 05-06;1.07739;1.07739;1.12039;0.89631;1.07739
2024-03-25 Kl. 06-07;1.24123;1.24123;1.28436;1.02749;1.24123
2024-03-25 Kl. 07-08;1.60593;1.60593;1.65385;1.32308;1.60593
2024-03-25 Kl. 08-09;1.40578;1.40578;1.44775;1.15820;1.40578
2024-03-25 Kl. 09-10;1.09206;1.09206;1.12460;0.89968;1.09206
2024-03-25 Kl. 10-11;0.98793;0.98793;1.01741;0.81393;0.98793
2024-03-25 Kl. 11-12;0.89599;0.89599;0.92460;0.73968;0.89599
2024-03-25 Kl. 12-13;0.87595;0.87595;0.89831;0.71865;0.87595
2024-03-25 Kl. 13-14;0.88974;0.88974;0.91821;0.73457;0.88974
2024-03-25 Kl. 14-15;0.90993;0.90993;0.93709;0.74967;0.90993
2024-03-25 Kl. 15-16;1.03876;1.03876;1.07434;0.85947;1.03876
2024-03-25 Kl. 16-17;1.11778;1.11778;1.17718;0.94174;1.11778
2024-03-25 Kl. 17-18;1.48088;1.48088;1.62495;0.99890;1.48088
2024-03-25 Kl. 18-19;2.32559;2.32559;2.50031;0.99937;2.32559
2024-03-25 Kl. 19-20;2.07055;2.07055;2.17498;1.04375;2.07055
2024-03-25 Kl. 20-21;1.44586;1.44586;1.45633;1.04596;1.44586
2024-03-25 Kl. 21-22;1.00173;1.00173;1.19664;0.95731;1.00173
2024-03-25 Kl. 22-23;1.05634;1.05634;1.15554;0.92443;1.05634
2024-03-25 Kl. 23-00;1.00144;1.00144;1.08553;0.86842;1.00144
2024-03-26 Kl. 00-01;1.02523;1.02523;1.04685;0.59906;1.02523
2024-03-26 Kl. 01-02;0.92976;0.92976;1.01783;0.61148;0.92976
2024-03-26 Kl. 02-03;0.92511;0.92511;0.97590;0.59883;0.92511
2024-03-26 Kl. 03-04;0.92700;0.92700;0.96270;0.58037;0.92700
2024-03-26 Kl. 04-05;0.89944;0.89944;0.99229;0.56807;0.89944
2024-03-26 Kl. 05-06;0.94485;0.94485;1.02784;0.62564;0.94485
2024-03-26 Kl. 06-07;1.05803;1.05803;1.05803;0.69958;1.05803
2024-03-26 Kl. 07-08;1.14914;1.14914;1.14914;0.77956;1.14914
2024-03-26 Kl. 08-09;1.01261;1.01261;1.04613;0.83690;1.01261
2024-03-26 Kl. 09-10;0.86301;0.86301;0.89610;0.69540;0.86301
2024-03-26 Kl. 10-11;0.79584;0.79584;0.86621;0.63667;0.79584
2024-03-26 Kl. 11-12;0.75768;0.75768;0.86955;0.60614;0.75768
2024-03-26 Kl. 12-13;0.72430;0.72430;0.83400;0.57944;0.73954
2024-03-26 Kl. 13-14;0.69630;0.69630;0.83124;0.55704;0.73534
2024-03-26 Kl. 14-15;0.71909;0.71909;0.83066;0.57527;0.73736
2024-03-26 Kl. 15-16;0.80005;0.80005;0.83110;0.64004;0.80005
2024-03-26 Kl. 16-17;0.85533;0.85533;0.92410;0.73928;0.85533
2024-03-26 Kl. 17-18;0.88550;0.88550;0.96618;0.59918;0.88550
2024-03-26 Kl. 18-19;0.89363;0.89363;0.92033;0.66047;0.89363
2024-03-26 Kl. 19-20;0.86853;0.86853;0.86853;0.69482;0.86853
2024-03-26 Kl. 20-21;0.84676;0.84676;0.84676;0.67741;0.84676
2024-03-26 Kl. 21-22;0.84169;0.84169;0.84169;0.67335;0.84169
2024-03-26 Kl. 22-23;0.82195;0.82195;0.82195;0.65756;0.82195
2024-03-26 Kl. 23-00;0.80048;0.80048;0.80048;0.64038;0.80048
2024-03-27 Kl. 00-01;0.81510;0.81510;0.73459;0.55966;0.81510
2024-03-27 Kl. 01-02;0.80304;0.80304;0.70364;0.55628;0.80304
2024-03-27 Kl. 02-03;0.80580;0.80580;0.67545;0.54036;0.80580
2024-03-27 Kl. 03-04;0.78269;0.78269;0.67515;0.54012;0.78269
2024-03-27 Kl. 04-05;0.76946;0.76946;0.68256;0.54605;0.76946
2024-03-27 Kl. 05-06;0.78676;0.78676;0.69303;0.55442;0.78676
2024-03-27 Kl. 06-07;0.82673;0.82673;0.82673;0.56954;0.82673
2024-03-27 Kl. 07-08;0.85608;0.85608;0.85608;0.57082;0.85608
2024-03-27 Kl. 08-09;0.86785;0.86785;0.89808;0.55966;0.86785
2024-03-27 Kl. 09-10;0.86436;0.86436;0.89211;0.55966;0.86436
2024-03-27 Kl. 10-11;0.86291;0.86291;0.91843;0.57605;0.86291
2024-03-27 Kl. 11-12;0.83021;0.83021;0.90766;0.52548;0.83021
2024-03-27 Kl. 12-13;0.82149;0.82149;0.91900;0.52303;0.82149
2024-03-27 Kl. 13-14;0.83791;0.83791;0.91871;0.53652;0.83791
2024-03-27 Kl. 14-15;0.86408;0.86408;0.89619;0.55512;0.86408
2024-03-27 Kl. 15-16;0.87119;0.87119;0.88573;0.55675;0.87119
2024-03-27 Kl. 16-17;0.87904;0.87904;0.88558;0.55210;0.87904
2024-03-27 Kl. 17-18;0.88514;0.88514;0.88514;0.56396;0.88514
2024-03-27 Kl. 18-19;0.87963;0.87963;0.87963;0.55756;0.87963
2024-03-27 Kl. 19-20;0.87686;0.87686;0.87686;0.54524;0.87686
2024-03-27 Kl. 20-21;0.87279;0.87279;0.85783;0.52071;0.87279
2024-03-27 Kl. 21-22;0.87003;0.87003;0.82236;0.50711;0.87003
2024-03-27 Kl. 22-23;0.86509;0.86509;0.70116;0.49990;0.86509
2024-03-27 Kl. 23-00;0.85899;0.85899;0.75261;0.48897;0.85899
2024-03-28 Kl. 00-01;0.86030;0.86030;0.57743;0.41617;0.86030
2024-03-28 Kl. 01-02;0.84629;0.84629;0.59421;0.43940;0.84629
2024-03-28 Kl. 02-03;0.84161;0.84161;0.68894;0.41523;0.84161
2024-03-28 Kl. 03-04;0.82410;0.82410;0.82410;0.41033;0.82410
2024-03-28 Kl. 04-05;0.81359;0.81359;0.81359;0.44583;0.81359
2024-03-28 Kl. 05-06;0.82410;0.82410;0.82410;0.47514;0.82410
2024-03-28 Kl. 06-07;0.84161;0.84161;0.84161;0.50935;0.84161
2024-03-28 Kl. 07-08;0.86118;0.86118;0.86118;0.56003;0.86118
2024-03-28 Kl. 08-09;0.84264;0.84264;0.84264;0.62437;0.84264
2024-03-28 Kl. 09-10;0.82148;0.82148;0.82148;0.64842;0.82148
2024-03-28 Kl. 10-11;0.78864;0.78864;0.78864;0.53901;0.78864
2024-03-28 Kl. 11-12;0.72850;0.72850;0.75638;0.44267;0.75638
2024-03-28 Kl. 12-13;0.67128;0.67128;0.74076;0.38429;0.74076
2024-03-28 Kl. 13-14;0.65114;0.65114;0.72485;0.35370;0.72485
2024-03-28 Kl. 14-15;0.59786;0.59786;0.72149;0.34412;0.72149
2024-03-28 Kl. 15-16;0.61990;0.61990;0.54153;0.32812;0.71506
2024-03-28 Kl. 16-17;0.67814;0.67814;0.52883;0.40858;0.71493
2024-03-28 Kl. 17-18;0.76571;0.76571;0.64705;0.51764;0.76571
2024-03-28 Kl. 18-19;0.80469;0.80469;0.63771;0.51017;0.80469
2024-03-28 Kl. 19-20;0.83081;0.83081;0.62063;0.49650;0.83081
2024-03-28 Kl. 20-21;0.80046;0.80046;0.56809;0.45447;0.80046
2024-03-28 Kl. 21-22;0.75200;0.75200;0.52693;0.42154;0.75200
2024-03-28 Kl. 22-23;0.65683;0.65683;0.45424;0.36339;0.71493
2024-03-28 Kl. 23-00;0.51759;0.51759;0.35148;0.28118;0.71493
2024-03-29 Kl. 00-01;0.44035;0.44035;0.34209;0.27367;0.72925
2024-03-29 Kl. 01-02;0.28583;0.28583;0.33680;0.26944;0.72925
2024-03-29 Kl. 02-03;0.24955;0.24955;0.33283;0.26626;0.72925
2024-03-29 Kl. 03-04;0.24955;0.24955;0.33004;0.26403;0.72940
2024-03-29 Kl. 04-05;0.24955;0.24955;0.32945;0.26356;0.72940
2024-03-29 Kl. 05-06;0.24970;0.24970;0.32828;0.26262;0.72925
2024-03-29 Kl. 06-07;0.38498;0.38498;0.33239;0.26591;0.72455
2024-03-29 Kl. 07-08;0.62056;0.62056;0.33798;0.27038;0.72559
2024-03-29 Kl. 08-09;0.62556;0.62556;0.34179;0.27343;0.72690
2024-03-29 Kl. 09-10;0.64628;0.64628;0.34693;0.27754;0.72720
2024-03-29 Kl. 10-11;0.53831;0.53831;0.34943;0.27954;0.72690
2024-03-29 Kl. 11-12;0.28539;0.28539;0.34649;0.27719;0.72455
2024-03-29 Kl. 12-13;0.24970;0.24970;0.34634;0.27707;0.71971
2024-03-29 Kl. 13-14;0.29773;0.29773;0.34708;0.27766;0.71898
2024-03-29 Kl. 14-15;0.65024;0.65024;0.35486;0.28060;0.71898
2024-03-29 Kl. 15-16;0.72176;0.72176;0.61865;0.30774;0.72176
2024-03-29 Kl. 16-17;0.79550;0.79550;0.58311;0.46649;0.79550
2024-03-29 Kl. 17-18;0.82281;0.82281;0.62159;0.49727;0.82281
2024-03-29 Kl. 18-19;0.84764;0.84764;0.63981;0.49293;0.84764
2024-03-29 Kl. 19-20;0.85778;0.85778;0.66096;0.49210;0.85778
2024-03-29 Kl. 20-21;0.86115;0.86115;0.65979;0.49328;0.86115
2024-03-29 Kl. 21-22;0.85264;0.85264;0.73308;0.46896;0.85264
2024-03-29 Kl. 22-23;0.84868;0.84868;0.76334;0.43500;0.84868
2024-03-29 Kl. 23-00;0.84294;0.84294;0.80769;0.41690;0.84294
2024-03-30 Kl. 00-01;0.83486;0.83486;0.56475;0.45180;0.83486
2024-03-30 Kl. 01-02;0.82693;0.82693;0.57019;0.45615;0.82693
2024-03-30 Kl. 02-03;0.83075;0.83075;0.57004;0.45603;0.83075
2024-03-30 Kl. 03-04;0.83090;0.83090;0.65993;0.46531;0.83090
2024-03-30 Kl. 04-05;0.82649;0.82649;0.82649;0.49034;0.82649
2024-03-30 Kl. 05-06;0.82679;0.82679;0.82679;0.51138;0.82679
2024-03-30 Kl. 06-07;0.80094;0.80094;0.80094;0.52042;0.80094
2024-03-30 Kl. 07-08;0.77288;0.77288;0.77288;0.53664;0.77288
2024-03-30 Kl. 08-09;0.70503;0.70503;0.76245;0.51819;0.76245
2024-03-30 Kl. 09-10;0.67829;0.67829;0.76158;0.49152;0.76158
2024-03-30 Kl. 10-11;0.60911;0.60911;0.76128;0.42348;0.76128
2024-03-30 Kl. 11-12;0.37939;0.37939;0.75570;0.32325;0.75570
2024-03-30 Kl. 12-13;0.38938;0.38938;0.72940;0.32407;0.72940
2024-03-30 Kl. 13-14;0.36015;0.36015;0.72925;0.32149;0.72925
2024-03-30 Kl. 14-15;0.58693;0.58693;0.71854;0.32219;0.71854
2024-03-30 Kl. 15-16;0.69195;0.69195;0.71839;0.41173;0.71839
2024-03-30 Kl. 16-17;0.77479;0.77479;0.75335;0.60268;0.77479
2024-03-30 Kl. 17-18;0.83221;0.83221;0.83221;0.66577;0.83221
2024-03-30 Kl. 18-19;0.84441;0.84441;0.84441;0.67553;0.84441
2024-03-30 Kl. 19-20;0.84588;0.84588;0.84588;0.64310;0.84588
2024-03-30 Kl. 20-21;0.84470;0.84470;0.84470;0.60879;0.84470
2024-03-30 Kl. 21-22;0.84191;0.84191;0.84191;0.58047;0.84191
2024-03-30 Kl. 22-23;0.84383;0.84383;0.84383;0.53746;0.84383
2024-03-30 Kl. 23-00;0.83721;0.83721;0.83721;0.49457;0.83721
2024-03-31 Kl. 00-01;0.83986;0.83986;0.83986;0.49457;0.83986
2024-03-31 Kl. 01-03;0.83663;0.83663;0.83663;0.49375;0.83663
2024-03-31 Kl. 03-04;0.83486;0.83721;0.83486;0.49469;0.83486
2024-03-31 Kl. 04-05;0.83501;0.84235;0.83501;0.51490;0.83501
2024-03-31 Kl. 05-06;0.83604;0.83604;0.83604;0.54275;0.83604
2024-03-31 Kl. 06-07;0.83898;0.84559;0.83898;0.52371;0.83898
2024-03-31 Kl. 07-08;0.83691;0.83691;0.83691;0.57483;0.83691
2024-03-31 Kl. 08-09;0.82561;0.82561;0.82561;0.58799;0.82561
2024-03-31 Kl. 09-10;0.79080;0.79080;0.79080;0.57941;0.79080
2024-03-31 Kl. 10-11;0.73381;0.73381;0.74380;0.49398;0.74380
2024-03-31 Kl. 11-12;0.65964;0.65964;0.74513;0.41561;0.74513
2024-03-31 Kl. 12-13;0.59236;0.59236;0.74556;0.41667;0.74556
2024-03-31 Kl. 13-14;0.58855;0.58855;0.74600;0.38894;0.74600
2024-03-31 Kl. 14-15;0.63701;0.63701;0.77993;0.36050;0.74630
2024-03-31 Kl. 15-16;0.68401;0.68401;0.81121;0.38306;0.74600
2024-03-31 Kl. 16-17;0.77405;0.77405;0.81400;0.48259;0.77405
2024-03-31 Kl. 17-18;0.80945;0.80945;0.80945;0.61877;0.80945
2024-03-31 Kl. 18-19;0.84633;0.84633;0.84633;0.67706;0.84633
2024-03-31 Kl. 19-20;0.86071;0.86071;0.86071;0.68211;0.86071
2024-03-31 Kl. 20-21;0.86160;0.86160;0.86160;0.59727;0.86160
2024-03-31 Kl. 21-22;0.85778;0.85778;0.85778;0.58858;0.85778
2024-03-31 Kl. 22-23;0.84661;0.84661;0.84661;0.54381;0.84661
2024-03-31 Kl. 23-00;0.81239;0.81239;0.81239;0.51678;0.81239
2024-04-01 Kl. 00-01;0.78110;0.78110;0.78110;0.47483;0.78110
2024-04-01 Kl. 01-02;0.72925;0.72925;0.72925;0.47460;0.72925
2024-04-01 Kl. 02-03;0.69826;0.69826;0.70355;0.47013;0.70355
2024-04-01 Kl. 03-04;0.66066;0.66066;0.69959;0.44052;0.69959
2024-04-01 Kl. 04-05;0.70649;0.70649;0.58105;0.42877;0.70649
2024-04-01 Kl. 05-06;0.76289;0.76289;0.53596;0.42877;0.76289
2024-04-01 Kl. 06-07;0.81783;0.81783;0.54169;0.43335;0.81783
2024-04-01 Kl. 07-08;0.83971;0.83971;0.59119;0.47295;0.83971
2024-04-01 Kl. 08-09;0.83471;0.83471;0.62233;0.49786;0.83471
2024-04-01 Kl. 09-10;0.82399;0.82399;0.73880;0.48024;0.82399
2024-04-01 Kl. 10-11;0.79476;0.79476;0.79476;0.44052;0.79476
2024-04-01 Kl. 11-12;0.73190;0.73190;0.73190;0.35709;0.73190
2024-04-01 Kl. 12-13;0.71604;0.71604;0.71765;0.33359;0.71765
2024-04-01 Kl. 13-14;0.65773;0.65773;0.71956;0.33383;0.71956
2024-04-01 Kl. 14-15;0.65435;0.65435;0.71765;0.33347;0.71765
2024-04-01 Kl. 15-16;0.66066;0.66066;0.71765;0.33406;0.71765
2024-04-01 Kl. 16-17;0.67154;0.67154;0.71560;0.33535;0.71560
2024-04-01 Kl. 17-18;0.66008;0.66008;0.71589;0.33818;0.71589
2024-04-01 Kl. 18-19;0.71765;0.71765;0.71765;0.39845;0.71765
2024-04-01 Kl. 19-20;0.73558;0.73558;0.73558;0.42936;0.73558
2024-04-01 Kl. 20-21;0.75614;0.75614;0.75614;0.37766;0.75614
2024-04-01 Kl. 21-22;0.71956;0.71956;0.71956;0.34605;0.71956
2024-04-01 Kl. 22-23;0.65890;0.65890;0.71765;0.34429;0.71765
2024-04-01 Kl. 23-00;0.44828;0.44828;0.71750;0.34053;0.71750
2024-04-02 Kl. 00-01;0.65581;0.65581;0.66273;0.34758;0.66273
2024-04-02 Kl. 01-02;0.54874;0.54874;0.62511;0.34934;0.65861
2024-04-02 Kl. 02-03;0.24970;0.24970;0.65846;0.35016;0.65846
2024-04-02 Kl. 03-04;0.11443;0.11443;0.65920;0.35098;0.65920
2024-04-02 Kl. 04-05;0.09385;0.09385;0.66404;0.35427;0.66404
2024-04-02 Kl. 05-06;0.47619;0.47619;0.68475;0.35416;0.68475
2024-04-02 Kl. 06-07;0.74291;0.74291;0.74291;0.53958;0.74291
2024-04-02 Kl. 07-08;0.81650;0.81650;0.81650;0.59798;0.81650
2024-04-02 Kl. 08-09;0.82326;0.82326;0.82326;0.65861;0.82326
2024-04-02 Kl. 09-10;0.76319;0.76319;0.76319;0.57976;0.76319
2024-04-02 Kl. 10-11;0.68989;0.68989;0.73793;0.57753;0.73763
2024-04-02 Kl. 11-12;0.66008;0.66008;0.73586;0.57483;0.73586
2024-04-02 Kl. 12-13;0.66023;0.66023;0.72896;0.56413;0.72896
2024-04-02 Kl. 13-14;0.66023;0.66023;0.71736;0.56108;0.71736
2024-04-02 Kl. 14-15;0.68960;0.68960;0.71090;0.56002;0.71090
2024-04-02 Kl. 15-16;0.70444;0.70444;0.70444;0.56178;0.70444
2024-04-02 Kl. 16-17;0.73410;0.73410;0.73410;0.56413;0.73410
2024-04-02 Kl. 17-18;0.77024;0.77024;0.72955;0.56883;0.77024
2024-04-02 Kl. 18-19;0.81400;0.81400;0.70620;0.56496;0.81400
2024-04-02 Kl. 19-20;0.83501;0.83501;0.72925;0.55955;0.83501
2024-04-02 Kl. 20-21;0.84456;0.84456;0.76935;0.56531;0.84456
2024-04-02 Kl. 21-22;0.84940;0.84940;0.79594;0.60444;0.84940
2024-04-02 Kl. 22-23;0.84529;0.84529;0.84529;0.67623;0.84529
2024-04-02 Kl. 23-00;0.84015;0.84015;0.84015;0.67212;0.84015
2024-04-03 Kl. 00-01;0.83223;0.83223;0.75540;0.60432;0.83223
2024-04-03 Kl. 01-02;0.81525;0.81525;0.76989;0.58876;0.81525
2024-04-03 Kl. 02-03;0.79989;0.79989;0.78613;0.57413;0.79989
2024-04-03 Kl. 03-04;0.79696;0.79696;0.79286;0.60198;0.79696
2024-04-03 Kl. 04-05;0.79125;0.79125;0.79125;0.63300;0.79125
2024-04-03 Kl. 05-06;0.80574;0.80574;0.80574;0.64459;0.80574
2024-04-03 Kl. 06-07;0.82900;0.82900;0.82900;0.66320;0.82900
2024-04-03 Kl. 07-08;1.41323;1.41323;0.86455;0.69164;1.41323
2024-04-03 Kl. 08-09;1.67205;1.67205;0.87786;0.69937;1.67205
2024-04-03 Kl. 09-10;1.43313;1.43313;0.87509;0.67502;1.43313
2024-04-03 Kl. 10-11;1.52033;1.52033;0.87611;0.67783;1.52033
2024-04-03 Kl. 11-12;1.28740;1.28740;0.86748;0.69398;1.28740
2024-04-03 Kl. 12-13;1.11519;1.11519;0.86046;0.68837;1.11519
2024-04-03 Kl. 13-14;0.99463;0.99463;0.86778;0.69422;0.99463
2024-04-03 Kl. 14-15;0.87699;0.87699;0.85606;0.56663;0.87699
2024-04-03 Kl. 15-16;0.83500;0.83500;0.83500;0.58080;0.83500
2024-04-03 Kl. 16-17;0.86339;0.86339;0.83251;0.63148;0.86339
2024-04-03 Kl. 17-18;0.86821;0.86821;0.86704;0.69363;0.86821
2024-04-03 Kl. 18-19;0.92133;0.92133;0.92133;0.73706;0.92133
2024-04-03 Kl. 19-20;0.93976;0.93976;0.93976;0.75181;0.93976
2024-04-03 Kl. 20-21;0.90025;0.90025;0.90025;0.72020;0.90025
2024-04-03 Kl. 21-22;0.85534;0.85534;0.85534;0.68427;0.85534
2024-04-03 Kl. 22-23;0.84378;0.84378;0.84378;0.67502;0.84378
2024-04-03 Kl. 23-00;0.80954;0.80954;0.80954;0.64763;0.80954
2024-04-04 Kl. 00-01;0.79584;0.79584;0.79584;0.63667;0.79584
2024-04-04 Kl. 01-02;0.75920;0.75920;0.75920;0.60736;0.75920
2024-04-04 Kl. 02-03;0.73234;0.73234;0.73234;0.58587;0.73234
2024-04-04 Kl. 03-04;0.75278;0.75278;0.75278;0.60222;0.75278
2024-04-04 Kl. 04-05;0.75818;0.75818;0.75818;0.60654;0.75818
2024-04-04 Kl. 05-06;0.78941;0.78941;0.78941;0.63153;0.78941
2024-04-04 Kl. 06-07;0.83510;0.83510;0.83510;0.66808;0.83510
2024-04-04 Kl. 07-08;0.92795;0.92795;0.92795;0.74236;0.92795
2024-04-04 Kl. 08-09;1.06779;1.06779;1.06779;0.85423;1.06779
2024-04-04 Kl. 09-10;1.01758;1.01758;1.01758;0.81406;1.01758
2024-04-04 Kl. 10-11;0.98050;0.98050;0.98050;0.74843;0.98050
2024-04-04 Kl. 11-12;0.89379;0.89379;0.92050;0.73640;0.89379
2024-04-04 Kl. 12-13;0.83788;0.83788;0.84780;0.67824;0.83788
2024-04-04 Kl. 13-14;0.82065;0.82065;0.82065;0.65652;0.82065
2024-04-04 Kl. 14-15;0.81000;0.81000;0.81000;0.64800;0.81000
2024-04-04 Kl. 15-16;0.81993;0.81993;0.81993;0.65594;0.81993
2024-04-04 Kl. 16-17;0.83321;0.83321;0.83321;0.66657;0.83321
2024-04-04 Kl. 17-18;0.95130;0.95130;0.84415;0.55995;0.95130
2024-04-04 Kl. 18-19;1.06589;1.06589;0.83934;0.55995;1.06589
2024-04-04 Kl. 19-20;1.28236;1.28236;0.83613;0.55995;1.28236
2024-04-04 Kl. 20-21;0.98940;0.98940;0.84153;0.56987;0.98940
2024-04-04 Kl. 21-22;0.87495;0.87495;0.85905;0.68724;0.87495
2024-04-04 Kl. 22-23;0.83510;0.83510;0.83510;0.66808;0.83510
2024-04-04 Kl. 23-00;0.81744;0.81744;0.81744;0.65395;0.81744
2024-04-05 Kl. 00-01;0.76633;0.76633;0.67831;0.54265;0.76633
2024-04-05 Kl. 01-02;0.74240;0.74240;0.69991;0.55993;0.74240
2024-04-05 Kl. 02-03;0.72428;0.72428;0.68904;0.55123;0.72428
2024-04-05 Kl. 03-04;0.71543;0.71543;0.67469;0.53975;0.71543
2024-04-05 Kl. 04-05;0.70949;0.70949;0.68643;0.54914;0.70949
2024-04-05 Kl. 05-06;0.73834;0.73834;0.68570;0.52420;0.73834
2024-04-05 Kl. 06-07;0.77226;0.77226;0.73935;0.47409;0.77226
2024-04-05 Kl. 07-08;0.82534;0.82534;0.82534;0.48302;0.82534
2024-04-05 Kl. 08-09;0.88841;0.88841;0.88841;0.49984;0.88841
2024-04-05 Kl. 09-10;0.86941;0.86941;0.86941;0.48256;0.86941
2024-04-05 Kl. 10-11;0.76415;0.76415;0.73225;0.47908;0.76415
2024-04-05 Kl. 11-12;0.70991;0.70991;0.68614;0.47351;0.70991
2024-04-05 Kl. 12-13;0.66351;0.66351;0.69600;0.48905;0.69600
2024-04-05 Kl. 13-14;0.59784;0.59784;0.69629;0.46435;0.69629
2024-04-05 Kl. 14-15;0.53751;0.53751;0.69716;0.43001;0.69716
2024-04-05 Kl. 15-16;0.45008;0.35119;0.69745;0.36006;0.69745
2024-04-05 Kl. 16-17;0.40035;0.34191;0.69774;0.34290;0.69774
2024-04-05 Kl. 17-18;0.57985;0.57985;0.68904;0.46388;0.68904
2024-04-05 Kl. 18-19;0.71993;0.71993;0.71993;0.50727;0.71993
2024-04-05 Kl. 19-20;0.77430;0.77430;0.77430;0.51991;0.77430
2024-04-05 Kl. 20-21;0.78184;0.78184;0.78184;0.55309;0.78184
2024-04-05 Kl. 21-22;0.77430;0.77430;0.77430;0.55993;0.77430
2024-04-05 Kl. 22-23;0.76459;0.76459;0.76459;0.55993;0.76459
2024-04-05 Kl. 23-00;0.73486;0.73486;0.71949;0.55332;0.73486
2024-04-06 Kl. 00-01;0.67115;0.67115;0.67115;0.48712;0.67115
2024-04-06 Kl. 01-02;0.65403;0.65403;0.65403;0.49061;0.65403
2024-04-06 Kl. 02-03;0.65736;0.65736;0.65736;0.50302;0.65736
2024-04-06 Kl. 03-04;0.66868;0.66868;0.66868;0.52078;0.66868
2024-04-06 Kl. 04-05;0.68928;0.68928;0.68928;0.55142;0.68928
2024-04-06 Kl. 05-06;0.70001;0.70001;0.70001;0.48016;0.70001
2024-04-06 Kl. 06-07;0.72454;0.72454;0.72454;0.49896;0.72454
2024-04-06 Kl. 07-08;0.74369;0.74369;0.74369;0.51718;0.74369
2024-04-06 Kl. 08-09;0.72874;0.72874;0.72874;0.53448;0.72874
2024-04-06 Kl. 09-10;0.70001;0.68638;0.70001;0.53158;0.70001
2024-04-06 Kl. 10-11;0.56756;0.56756;0.67085;0.46414;0.67085
2024-04-06 Kl. 11-12;0.58018;0.58018;0.66316;0.48364;0.66316
2024-04-06 Kl. 12-13;0.57380;0.57380;0.66273;0.47993;0.66273
2024-04-06 Kl. 13-14;0.54899;0.54899;0.66041;0.47819;0.66041
2024-04-06 Kl. 14-15;0.50663;0.48675;0.65446;0.47795;0.65446
2024-04-06 Kl. 15-16;0.56886;0.40840;0.64735;0.47540;0.64735
2024-04-06 Kl. 16-17;0.57844;0.21763;0.64271;0.47819;0.64271
2024-04-06 Kl. 17-18;0.67144;0.61311;0.67144;0.52392;0.67144
2024-04-06 Kl. 18-19;0.74731;0.68101;0.76458;0.49861;0.74731
2024-04-06 Kl. 19-20;0.73934;0.73934;0.73934;0.48828;0.73934
2024-04-06 Kl. 20-21;0.70045;0.70045;0.70045;0.48376;0.70045
2024-04-06 Kl. 21-22;0.65315;0.65315;0.65315;0.47923;0.65315
2024-04-06 Kl. 22-23;0.59236;0.59236;0.57829;0.46263;0.62458
2024-04-06 Kl. 23-00;0.37735;0.37735;0.36648;0.29318;0.62429
2024-04-07 Kl. 00-01;0.16431;0.16431;0.36046;0.28837;0.63658
2024-04-07 Kl. 01-02;0.00145;0.00145;0.35363;0.28290;0.63644
2024-04-07 Kl. 02-03;0.00000;0.00000;0.36133;0.28906;0.62903
2024-04-07 Kl. 03-04;0.00000;0.00000;0.38213;0.30570;0.62684
2024-04-07 Kl. 04-05;0.00000;0.00000;0.41891;0.33513;0.62669
2024-04-07 Kl. 05-06;0.00000;0.00000;0.49453;0.32373;0.62669
2024-04-07 Kl. 06-07;0.00000;0.00000;0.56723;0.30768;0.62669
2024-04-07 Kl. 07-08;0.00000;0.00000;0.58554;0.31466;0.62669
2024-04-07 Kl. 08-09;0.00000;0.00000;0.58148;0.31454;0.61491
2024-04-07 Kl. 09-10;-0.00012;-0.00012;0.56780;0.31431;0.58016
2024-04-07 Kl. 10-11;-0.00186;-0.00186;0.51516;0.30942;0.60721
2024-04-07 Kl. 11-12;-0.03501;-0.03501;0.49773;0.32547;0.58031
2024-04-07 Kl. 12-13;-0.04641;-0.04641;0.51516;0.32175;0.56780
2024-04-07 Kl. 13-14;-0.07619;-0.07619;0.51516;0.31942;0.56576
2024-04-07 Kl. 14-15;-0.11632;-0.11632;0.49379;0.31942;0.55414
2024-04-07 Kl. 15-16;-0.05863;-0.05863;0.42749;0.31908;0.54963
2024-04-07 Kl. 16-17;-0.00186;-0.00186;0.39013;0.31210;0.55153
2024-04-07 Kl. 17-18;0.09815;0.09815;0.38198;0.30558;0.55399
2024-04-07 Kl. 18-19;0.56576;0.56576;0.40306;0.32245;0.56576
2024-04-07 Kl. 19-20;0.67060;0.67060;0.43433;0.34746;0.67060
2024-04-07 Kl. 20-21;0.69489;0.69489;0.43288;0.29907;0.69489
2024-04-07 Kl. 21-22;0.70100;0.70100;0.54875;0.29569;0.70100
2024-04-07 Kl. 22-23;0.66435;0.66435;0.57639;0.29372;0.66435
2024-04-07 Kl. 23-00;0.64021;0.64021;0.58380;0.28813;0.64021
2024-04-08 Kl. 00-01;0.61899;0.61899;0.41440;0.28115;0.61899
2024-04-08 Kl. 01-02;0.59253;0.59253;0.42851;0.28453;0.59253
2024-04-08 Kl. 02-03;0.58641;0.58641;0.43490;0.28220;0.58641
2024-04-08 Kl. 03-04;0.62699;0.62699;0.42880;0.28197;0.62699
2024-04-08 Kl. 04-05;0.65461;0.65461;0.43141;0.28406;0.65461
2024-04-08 Kl. 05-06;0.67176;0.67176;0.49263;0.30942;0.67176
2024-04-08 Kl. 06-07;0.71306;0.71306;0.57144;0.30186;0.71306
2024-04-08 Kl. 07-08;0.75058;0.75058;0.58773;0.30791;0.75058
2024-04-08 Kl. 08-09;0.79580;0.79580;0.67191;0.31756;0.79580
2024-04-08 Kl. 09-10;0.77791;0.77791;0.74738;0.30023;0.77791
2024-04-08 Kl. 10-11;0.76279;0.76279;0.69271;0.30581;0.76279
2024-04-08 Kl. 11-12;0.75625;0.75625;0.67599;0.33152;0.75625
2024-04-08 Kl. 12-13;0.75174;0.75174;0.68180;0.33152;0.75174
2024-04-08 Kl. 13-14;0.75174;0.75174;0.67483;0.33152;0.75174
2024-04-08 Kl. 14-15;0.75174;0.75174;0.66959;0.33152;0.75174
2024-04-08 Kl. 15-16;0.74898;0.74898;0.64370;0.33152;0.74898
2024-04-08 Kl. 16-17;0.75174;0.75174;0.65010;0.32512;0.75174
2024-04-08 Kl. 17-18;0.77138;0.77138;0.70303;0.32512;0.77138
2024-04-08 Kl. 18-19;0.78243;0.78243;0.75101;0.32512;0.78243
2024-04-08 Kl. 19-20;0.83608;0.83608;0.76818;0.33152;0.83608
2024-04-08 Kl. 20-21;0.84785;0.84785;0.76265;0.32047;0.84785
2024-04-08 Kl. 21-22;0.79508;0.79508;0.76541;0.32117;0.79508
2024-04-08 Kl. 22-23;0.77500;0.77500;0.71234;0.32105;0.77500
2024-04-08 Kl. 23-00;0.75959;0.75959;0.67220;0.41702;0.75959
2024-04-09 Kl. 00-01;0.73368;0.73368;0.60563;0.31207;0.73368
2024-04-09 Kl. 01-02;0.72816;0.72816;0.62286;0.31786;0.72816
2024-04-09 Kl. 02-03;0.72368;0.72368;0.63503;0.31902;0.72368
2024-04-09 Kl. 03-04;0.71789;0.71789;0.66125;0.33014;0.71789
2024-04-09 Kl. 04-05;0.71499;0.71499;0.71499;0.40999;0.71499
2024-04-09 Kl. 05-06;0.72165;0.72165;0.72165;0.35008;0.72165
2024-04-09 Kl. 06-07;0.80190;0.80190;0.80190;0.44545;0.80190
2024-04-09 Kl. 07-08;1.24470;1.24470;0.93936;0.46005;1.24470
2024-04-09 Kl. 08-09;1.11984;1.11984;1.11984;0.46433;1.11984
2024-04-09 Kl. 09-10;0.95283;0.95283;0.95283;0.46132;0.95283
2024-04-09 Kl. 10-11;0.73121;0.73121;0.73121;0.45993;0.73121
2024-04-09 Kl. 11-12;0.65284;0.65284;0.65284;0.45472;0.65284
2024-04-09 Kl. 12-13;0.54363;0.54363;0.58621;0.33014;0.58621
2024-04-09 Kl. 13-14;0.43514;0.21756;0.58245;0.32331;0.58245
2024-04-09 Kl. 14-15;0.39009;0.20410;0.58028;0.31207;0.58028
2024-04-09 Kl. 15-16;0.43108;0.38690;0.58013;0.31728;0.58013
2024-04-09 Kl. 16-17;0.57651;0.57535;0.57651;0.31276;0.57651
2024-04-09 Kl. 17-18;0.70065;0.70065;0.70065;0.35008;0.70065
2024-04-09 Kl. 18-19;0.73295;0.73295;0.73295;0.34208;0.73295
2024-04-09 Kl. 19-20;0.70731;0.70731;0.66574;0.33026;0.70731
2024-04-09 Kl. 20-21;0.71455;0.71455;0.57753;0.33014;0.71455
2024-04-09 Kl. 21-22;0.69848;0.69848;0.55594;0.32470;0.69848
2024-04-09 Kl. 22-23;0.65879;0.65879;0.48670;0.31902;0.65879
2024-04-09 Kl. 23-00;0.54855;0.54855;0.34678;0.27742;0.54855
2024-04-10 Kl. 00-01;0.30765;0.30765;0.33391;0.26713;0.45966
2024-04-10 Kl. 01-02;0.07644;0.07644;0.32796;0.26237;0.49100
2024-04-10 Kl. 02-03;0.07470;0.07470;0.32956;0.26365;0.48621
2024-04-10 Kl. 03-04;0.13359;0.13359;0.33594;0.26875;0.48534
2024-04-10 Kl. 04-05;0.36974;0.36974;0.42109;0.27432;0.48751
2024-04-10 Kl. 05-06;0.55048;0.55048;0.39585;0.27328;0.55048
2024-04-10 Kl. 06-07;0.59573;0.59573;0.42704;0.27827;0.59573
2024-04-10 Kl. 07-08;0.60545;0.60545;0.45749;0.28883;0.60545
2024-04-10 Kl. 08-09;0.62430;0.62430;0.52146;0.30055;0.62430
2024-04-10 Kl. 09-10;0.61966;0.61966;0.57034;0.30194;0.61966
2024-04-10 Kl. 10-11;0.61966;0.61966;0.58674;0.30159;0.61966
2024-04-10 Kl. 11-12;0.59529;0.59529;0.58384;0.30055;0.59529
2024-04-10 Kl. 12-13;0.52814;0.52814;0.48288;0.30101;0.52814
2024-04-10 Kl. 13-14;0.35915;0.35915;0.35959;0.28767;0.52103
2024-04-10 Kl. 14-15;0.11010;0.11010;0.34363;0.27490;0.52131
2024-04-10 Kl. 15-16;0.36669;0.36669;0.33653;0.26922;0.52001
2024-04-10 Kl. 16-17;0.56686;0.56686;0.33638;0.26910;0.56686
2024-04-10 Kl. 17-18;0.66680;0.66680;0.33695;0.26956;0.66680
2024-04-10 Kl. 18-19;0.72671;0.72671;0.33798;0.27038;0.72671
2024-04-10 Kl. 19-20;1.14460;1.14460;0.33943;0.27154;0.74093
2024-04-10 Kl. 20-21;2.04668;2.04668;0.33985;0.27188;0.74774
2024-04-10 Kl. 21-22;1.30474;1.30474;0.33536;0.26829;0.73919
2024-04-10 Kl. 22-23;0.72033;0.72033;0.33203;0.26562;0.72033
2024-04-10 Kl. 23-00;0.68494;0.68494;0.32608;0.26086;0.68494
2024-04-11 Kl. 00-01;0.61470;0.61470;0.23493;0.19548;0.61470
2024-04-11 Kl. 01-02;0.51780;0.51780;0.27244;0.21795;0.51780
2024-04-11 Kl. 02-03;0.35428;0.35428;0.31111;0.24889;0.35428
2024-04-11 Kl. 03-04;0.18090;0.18090;0.33429;0.26743;0.33429
2024-04-11 Kl. 04-05;0.18090;0.18090;0.37064;0.27635;0.37064
2024-04-11 Kl. 05-06;0.29838;0.29838;0.45103;0.27218;0.45103
2024-04-11 Kl. 06-07;0.54445;0.54445;0.52099;0.27369;0.54445
2024-04-11 Kl. 07-08;0.59471;0.59471;0.55705;0.26952;0.59471
2024-04-11 Kl. 08-09;0.60181;0.60181;0.51939;0.28632;0.60181
2024-04-11 Kl. 09-10;0.58341;0.58341;0.51534;0.28029;0.58341
2024-04-11 Kl. 10-11;0.56358;0.56358;0.50564;0.27299;0.56358
2024-04-11 Kl. 11-12;0.56618;0.56618;0.50621;0.28307;0.56618
2024-04-11 Kl. 12-13;0.56169;0.56169;0.50463;0.28678;0.56169
2024-04-11 Kl. 13-14;0.56516;0.56516;0.50535;0.28933;0.56516
2024-04-11 Kl. 14-15;0.57473;0.57473;0.50476;0.29292;0.57473
2024-04-11 Kl. 15-16;0.60065;0.60065;0.51433;0.29570;0.60065
2024-04-11 Kl. 16-17;0.61470;0.61470;0.49810;0.29941;0.61470
2024-04-11 Kl. 17-18;0.66061;0.66061;0.49520;0.28725;0.66061
2024-04-11 Kl. 18-19;0.68856;0.68856;0.42815;0.29663;0.68856
2024-04-11 Kl. 19-20;0.70870;0.70870;0.36775;0.29420;0.70870
2024-04-11 Kl. 20-21;0.84876;0.84876;0.34066;0.27253;0.73274
2024-04-11 Kl. 21-22;0.86629;0.86629;0.33356;0.26685;0.72405
2024-04-11 Kl. 22-23;0.84876;0.84876;0.33066;0.26453;0.69320
2024-04-11 Kl. 23-00;0.78966;0.78966;0.32314;0.25851;0.69234
2024-04-12 Kl. 00-01;0.66159;0.66159;0.32993;0.26394;0.66159
2024-04-12 Kl. 01-02;0.63296;0.63296;0.25438;0.22651;0.63296
2024-04-12 Kl. 02-03;0.61015;0.61015;0.14455;0.22651;0.61015
2024-04-12 Kl. 03-04;0.59301;0.59301;0.16663;0.22651;0.59301
2024-04-12 Kl. 04-05;0.58081;0.58081;0.32541;0.26033;0.58081
2024-04-12 Kl. 05-06;0.58110;0.58110;0.39965;0.31972;0.58110
2024-04-12 Kl. 06-07;0.59984;0.59984;0.57413;0.32298;0.59984
2024-04-12 Kl. 07-08;0.68585;0.68585;0.62730;0.32263;0.68585
2024-04-12 Kl. 08-09;0.93108;0.93108;0.60071;0.32123;0.72653
2024-04-12 Kl. 09-10;0.89881;0.89881;0.56483;0.31716;0.72826
2024-04-12 Kl. 10-11;0.61248;0.61248;0.56483;0.31240;0.61248
2024-04-12 Kl. 11-12;0.37394;0.37394;0.36231;0.28985;0.37394
2024-04-12 Kl. 12-13;0.29186;0.06698;0.33458;0.26766;0.33458
2024-04-12 Kl. 13-14;0.07235;-0.00093;0.32004;0.25603;0.32004
2024-04-12 Kl. 14-15;0.01176;0.00015;0.29709;0.23767;0.29709
2024-04-12 Kl. 15-16;0.00625;0.00625;0.22228;0.17782;0.22228
2024-04-12 Kl. 16-17;0.39689;0.39689;0.25016;0.20013;0.39689
2024-04-12 Kl. 17-18;0.57239;0.57239;0.39399;0.31519;0.57239
2024-04-12 Kl. 18-19;0.63253;0.63253;0.39268;0.31414;0.63253
2024-04-12 Kl. 19-20;0.66173;0.66173;0.39151;0.31321;0.66173
2024-04-12 Kl. 20-21;0.69863;0.69863;0.33980;0.27184;0.68585
2024-04-12 Kl. 21-22;0.66449;0.66449;0.27849;0.22279;0.66449
2024-04-12 Kl. 22-23;0.64735;0.64735;0.21603;0.17282;0.64735
2024-04-12 Kl. 23-00;0.62250;0.62250;0.14804;0.11843;0.62250
2024-04-13 Kl. 00-01;0.49505;0.49505;0.17250;0.15412;0.49505
2024-04-13 Kl. 01-02;0.37574;0.37574;0.21600;0.17280;0.37574
2024-04-13 Kl. 02-03;0.28065;0.28065;0.28065;0.22452;0.28065
2024-04-13 Kl. 03-04;0.25413;0.25413;0.30805;0.24644;0.30805
2024-04-13 Kl. 04-05;0.25310;0.25310;0.32761;0.26209;0.32761
2024-04-13 Kl. 05-06;0.33791;0.33791;0.33675;0.26940;0.33791
2024-04-13 Kl. 06-07;0.40343;0.40343;0.33776;0.27021;0.40343
2024-04-13 Kl. 07-08;0.32124;0.32124;0.32139;0.25711;0.32124
2024-04-13 Kl. 08-09;0.32573;0.32573;0.32573;0.26058;0.32573
2024-04-13 Kl. 09-10;0.32530;0.32530;0.32530;0.26024;0.32530
2024-04-13 Kl. 10-11;-0.00023;-0.00023;0.32500;0.26000;0.32500
2024-04-13 Kl. 11-12;-0.04685;-0.04685;0.22295;0.19970;0.22295
2024-04-13 Kl. 12-13;-0.09579;-0.09579;0.18918;0.19019;0.18918
2024-04-13 Kl. 13-14;-0.24133;-0.24133;0.15395;0.17280;0.15395
2024-04-13 Kl. 14-15;-0.35023;-0.35023;0.07118;0.15992;0.07118
2024-04-13 Kl. 15-16;-0.36647;-0.36647;0.06959;0.15957;0.06959
2024-04-13 Kl. 16-17;-0.11678;-0.11678;0.14584;0.15934;0.14584
2024-04-13 Kl. 17-18;0.18106;0.18106;0.15628;0.15934;0.18106
2024-04-13 Kl. 18-19;0.32921;0.32921;0.32921;0.26337;0.32921
2024-04-13 Kl. 19-20;0.51810;0.51810;0.36110;0.28888;0.51810
2024-04-13 Kl. 20-21;0.54100;0.54100;0.36371;0.29097;0.54100
2024-04-13 Kl. 21-22;0.50230;0.50230;0.37386;0.29909;0.50230
2024-04-13 Kl. 22-23;0.29863;0.29863;0.32631;0.26105;0.32631
2024-04-13 Kl. 23-00;0.10524;0.10524;0.34255;0.27404;0.34255
2024-04-14 Kl. 00-01;0.00930;0.00930;0.34553;0.27642;0.18984
2024-04-14 Kl. 01-02;0.01250;0.01250;0.35003;0.28002;0.31834
2024-04-14 Kl. 02-03;0.01381;0.01381;0.32881;0.26305;0.32881
2024-04-14 Kl. 03-04;0.01701;0.01701;0.33128;0.26502;0.33128
2024-04-14 Kl. 04-05;0.03504;0.03504;0.33928;0.27142;0.33928
2024-04-14 Kl. 05-06;0.08896;0.08896;0.33535;0.26828;0.30816
2024-04-14 Kl. 06-07;0.19188;0.19188;0.34393;0.27514;0.34393
2024-04-14 Kl. 07-08;0.19508;0.19508;0.35526;0.28421;0.30803
2024-04-14 Kl. 08-09;0.11105;0.11105;0.35395;0.28316;0.30555
2024-04-14 Kl. 09-10;0.00000;0.00000;0.36210;0.28968;0.36210
2024-04-14 Kl. 10-11;0.01469;0.01469;0.36603;0.29282;0.36603
2024-04-14 Kl. 11-12;0.07181;0.07181;0.33695;0.26956;0.33695
2024-04-14 Kl. 12-13;0.08243;0.08243;0.33651;0.26921;0.33651
2024-04-14 Kl. 13-14;0.07414;0.07414;0.34610;0.27688;0.34610
2024-04-14 Kl. 14-15;0.06381;0.06381;0.36399;0.29119;0.36399
2024-04-14 Kl. 15-16;0.14521;0.14521;0.37576;0.30061;0.37576
2024-04-14 Kl. 16-17;0.36108;0.36108;0.37125;0.29700;0.37125
2024-04-14 Kl. 17-18;0.54801;0.54801;0.42649;0.30514;0.54801
2024-04-14 Kl. 18-19;0.61474;0.61474;0.43318;0.31049;0.61474
2024-04-14 Kl. 19-20;0.65456;0.65456;0.43826;0.31154;0.65456
2024-04-14 Kl. 20-21;0.68916;0.68916;0.52185;0.31049;0.68916
2024-04-14 Kl. 21-22;0.72535;0.72535;0.55106;0.31293;0.72535
2024-04-14 Kl. 22-23;0.72274;0.72274;0.55106;0.32352;0.72274
2024-04-14 Kl. 23-00;0.69425;0.69425;0.52591;0.36050;0.69425
2024-04-15 Kl. 00-01;0.68408;0.68408;0.52591;0.35061;0.68408
2024-04-15 Kl. 01-02;0.66634;0.66634;0.54045;0.35061;0.66634
2024-04-15 Kl. 02-03;0.65209;0.65209;0.52591;0.35061;0.65209
2024-04-15 Kl. 03-04;0.62709;0.62709;0.52591;0.37666;0.62709
2024-04-15 Kl. 04-05;0.59279;0.59279;0.53391;0.40213;0.59279
2024-04-15 Kl. 05-06;0.56793;0.56793;0.54685;0.40410;0.56793
2024-04-15 Kl. 06-07;0.59351;0.59351;0.59308;0.32491;0.59351
2024-04-15 Kl. 07-08;0.64540;0.64540;0.62288;0.39236;0.64540
2024-04-15 Kl. 08-09;0.71533;0.71533;0.62738;0.41597;0.71533
2024-04-15 Kl. 09-10;0.72013;0.72013;0.61198;0.48795;0.72013
2024-04-15 Kl. 10-11;0.72390;0.72390;0.63639;0.50911;0.72390
2024-04-15 Kl. 11-12;0.66474;0.66474;0.66474;0.52063;0.66474
2024-04-15 Kl. 12-13;0.62505;0.62505;0.62505;0.50004;0.62505
2024-04-15 Kl. 13-14;0.50644;0.50644;0.54786;0.38247;0.54786
2024-04-15 Kl. 14-15;0.28345;0.27866;0.54918;0.31689;0.54918
2024-04-15 Kl. 15-16;0.43521;0.13751;0.54670;0.34817;0.54670
2024-04-15 Kl. 16-17;0.51720;0.51720;0.54205;0.37817;0.54205
2024-04-15 Kl. 17-18;0.62854;0.62854;0.65529;0.33014;0.62854
2024-04-15 Kl. 18-19;0.64526;0.64526;0.64526;0.33026;0.64526
2024-04-15 Kl. 19-20;0.68204;0.68204;0.68204;0.33573;0.68204
2024-04-15 Kl. 20-21;0.70020;0.70020;0.65180;0.33828;0.70020
2024-04-15 Kl. 21-22;0.68756;0.68756;0.66764;0.33049;0.68756
2024-04-15 Kl. 22-23;0.65544;0.65544;0.65544;0.34235;0.65544
2024-04-15 Kl. 23-00;0.57606;0.57606;0.50891;0.35712;0.57606